artist,album_name,title,verse_num,eng,kor,eng-kor
Giriboy,Fatal-album,You Are a Chemical,1,"[""You're a chemical"", ""You're a chemical""]","['너와 내가 하는 플레이스테이션', '너와 내가 하면 참 재밌어']",[]
Giriboy,Fatal-album,You Are a Chemical,2,"[""You're a chemical"", 'vacation', ""You're a chemical""]","['하루종일 집이 비는', '하루종일 나와 있어도 돼. 우리집에 놀러와']",[]
Giriboy,Fatal-album,얼굴에 다 써있네요 (Written On Your Face),1,[],"['첫 만남은 헤어짐을 만나고', '거두절미하고 원인은', '바로 너라고', '넌 나를 만나고 그 오빠도 만나고', '만나고 만나고', '만나도 만날거잖아', '호기심에 두 남자를 사귄게', '말이되는 소리니 그게', '그게 뭐 어때서 어', '연기도 하고', '아주 많이 이쁘네', '아주 수고하셨습니다', '밥이나 먹자']",[]
Giriboy,Fatal-album,내 몸이 불타오르고 있어 I’m On Fire,1,[],"['너가 다니는 모든 길과 배경은 모두 검은색', '너만 하얗게 보여. 내 눈은 머는데', '너무 밝아. 그런데도 넌 너무 익숙한 듯', '내 품에 안길 때 딱 맞는 몸무게', '이제 해보자, 몸수색. 너에겐 죄가 있어', '그건 모든 연예인들을 다 못나게한 니 미모', '한날 한시도 너가 옆에 없인 길을 잃는데', '난 너와 함께여도 보고 싶다 땡깡 피는 애', '더 이상 나 없인 못 산다는 말은 하지 마', '내가 일에 바빠도 이해하는 마음은', '갖지 마. 상처 주는 내가 뭐가 좋다고', '니 사랑을 아낌없이 줘? 이뻐 죽겠어', '이젠 내가 불이 돼줄게', '너처럼 뜨거운 해가 돼 차가운 세상을 패줄게', '그냥 넌 내 안에 살면 돼', '순간 세상은 나와 너 빼고 잠적해']",[]
Giriboy,Fatal-album,내 몸이 불타오르고 있어 I’m On Fire,2,[],"['잠이 덜 깬 채로 일 나가는 너를 보면서', '대견하기도 하며 때로는 안쓰러워', '내가 생각한대로 내 일이 안 풀릴 때', '넌 그냥 잠깐 보러오면 돼. 일 안 해도 돼', '내가 너의 집 앞일 때 나와서 안아줘', '피곤하지, 하루종일 책에 머리를 박아서?', '근데 있잖아. 나 그리 치열히 살아도', '너를 볼땐 아무 일도 없던 것처럼 웃으며 장난쳐', '왜 그러긴 왜야. 부담보다 더 줄 게 많아', '이 얘긴 친구들이랑 하면돼. 넌 걱정 말아', '너 그런 신경 안 써도 할 거 많잖아', '공부, 그리고 내가 배고플 때 도시락 싸와야 돼', '너 나한테 그러면 안 돼', '커피만 사. 밥은 내가 살게', '부담 주는 게 아니야. 부담보다 더 줄 게 많아서', '그냥 그렇다고']",[]
Giriboy,Fatal-album,내 몸이 불타오르고 있어 I’m On Fire,3,[],"['내 손을 잡아 알아 떨리는 맘', '아니 그냥 안아 핸드백 을 놔', '나는 너의 남자야 니가 어떻든간', '니가 싫기전엔 안 가 하지마 불안', '너의 향기 또 매력적인 스타일', '다 들어줄꺼야 너의 그 말 안되는 주장도', '어~ 난 매일 걱정해', '된장녀가 아닌 너는 대체 뭘 원해?']",[]
Giriboy,Fatal-album,계획적인 여자 (Planned Girl),1,[],"['할 일이 없어', '하루 종일 시간을비웠어', '피자가 너무 맛있어', '내 통장도 비웠어', '여자도 만나 쌓인', '너의 기억도 비웠어', '시원해 속 시원해', '속 시원해 속 시원해', '속 시원해 속', '괜히 슬픈티 내면서', '똥폼 잡기가 싫어서', '오늘은 소주 대신', '보드카 한병을 시켰어', '속이 울렁 거려서', '빨리 화장실로 난 뛰었어', '시원해 속 시원해', '속 시원해 속 시원해', '속 시원해 속']",[]
Giriboy,Fatal-album,이젠 안 돼 No More,1,[],"['내 웃는 얼굴에', '초를 치지 말아', '초를 치지 말아', '하지 마', '내 얼굴에 촛농은', '너무 뜨겁잖아', '너무 뜨겁잖아', '하지 마']",[]
Giriboy,Fatal-album,이젠 안 돼 No More,2,[],"['풍선 같은 내 맘에', '바늘을 대지 말아', '바늘을 대지 말아', '하지 마', '여기까지 오기에', '너무 힘들었어', '너무 많은 숨을', '쉬었잖아']",[]
Giriboy,Fatal-album,다른 꼴 Different,1,['Kasabian'],"['우리 사이 벌어지는 모습', '빤히 보고 있는 너에게', '난 할 말이 없어서', '날씨가 좋다고 말했어', '우리 사이 멀어져 가는데', '쇼핑을 하는 널 보며', '난 어이가 없어서', '나도 내 옷을 골랐어', '우린 바라보는 것도 달라', '옷을 고를 때도 말야', '자꾸 작은 옷을 내 몸에 대봐', '난 힙합인데 말야', '우린 바라보는 것이 달라', '음악 들을 때도 말야', '너가 요즘 듣는 음악', '난 힙합인데 말야']",[]
Giriboy,Fatal-album,선수 Player,1,['where?'],"['우리 둘 모두 연애에는 선수', '숨길 것도 없고 딱 각이 나와, 적중', '너는 전 남친과 5일 정도 만났고 차였네', '이유를 내가 모르겠냐? 문제는 여기 나였네', '소문 들어 알았어', '뭐, 트위터 페이스북 싸이월드 같은 거 덕에', '니 친구의 친구, 나는 파도를 타', '와보니 눈 앞에 너. 너는 항구여라', '이런 구시대 농담에도 반응하는 너', '혀가 짧은 거야? 귀여워, 너의 발음도', '다 좋아. 이쁜 건 알아가지고 웃지도 않네', '이제 나와 함께 나가면 돼. 너 어디 갈래,']",[]
Giriboy,Fatal-album,밤이 필요해 (I Need A Night),1,[],"['너무 길었던 내 하루 일과', '모두 끝났지만', '내일은 또 다른 시작', '사람들을 대할 때는', '웃으면서 인사', '오늘 했던 가식적인', '행동들을 되뇌인다', '날 너무 밝고 맑은', '아이로 표현 하는', '사람들의 시선은', '날 얕보는 것 같아', '난 지겨워서', '방 안에 쳐박혀', '오늘도 빌어먹을', '나의 노랠 만들어', '또 밤을 새', '날 강하게 만들기 위해선', '이 밤이 필요해']",[]
Giriboy,Sensual-album,숨 Breath,1,['Put ya ass up high'],"['너의 입술에서 나는 숨에', '나도 모르게 널 보며 웃네', '애교를 떨면서 숨어 니 품에', '순간 강아지가 되는 듯해', '순간 잠들어 꾸는 꿈에', '나도 모르게 널 보며 웃네', '너의 빨간 입술을 훔쳐 니 몰래', '순간 고양이가 되는 듯해', '샤워 물이 내리는 차가운 소리', '시간이 아까워. 언제 나올 거니', '오늘은 그냥 워밍업', '다음 번엔 더 아파올 거니까', '기대해봐', '저기 창밖에 저물어가는 해를 봐', '이게 내 일상', '내가 나쁜 남자라며 니가 내 뺨을 쳐도', '그건 단지 너의 생각.']",[]
Giriboy,Sensual-album,Camp,1,[],"['복잡한 머리를 비워', '복잡한 오선지는 치워', '이제 남은 건 우리 둘이 보낼 시간 뿐이지', '끝을 버리고 왔으니 이제는 시작 뿐이지', '너무 삭막한 그 땅은 잊어. 이제 밝게', '눈을 뜨고 쳐다봐. 바다 노을이 너무 빨개', '너의 볼 같애. 이건 너가 보낸 신호', '난 얼떨결에 키스를 시도']",[]
Giriboy,Sensual-album,특별해 Special,1,[],"['너의 어장 속을 헤엄해', '다른 남자들을 해결해', '대체 언제까지 죄송해', '언제까지 미안해할 거니?', '미안해하지 말아줄래?', '그냥 오늘밤 날 맡아줄래?', '우리집 비누향 맡아볼래?', '내 품 안에서 살아볼래?']",[]
Giriboy,Sensual-album,특별해 Special,2,[],"['새벽까지 문자가 오는 걸 보니', '얘는 여우가 확실해. 폰을 가리는 꼴이', '날파리들이 고인 물 안에 비친 나의 꼴이 말이 아니군', '그래, 우린 그냥 이 정도에서 끝날 사이군', '이건 아쉬워. 하여간 남자의 맘이란', '끝나도 끝난 게 아니지. 2시간 후 다시 와', '쳐진 어깨를 쭉 뻗어. 고무 사이에 햄버거', '속이 답답할 때 물을 먹어. 더 먹어, 먹어', '눈이 반쯤 풀릴 때 나오는 숨', '오늘은 그거 말고 ""아야 우""로 하자고', '이번엔 분위기를 바꿔. 음악도 깔아놓고', '식탁 위에 누워. 그 위 물건들을 다 엎어', '우린 그냥 짐승이야. 네 발로 걷지', '넌 지금 울리는 전화를 받을 생각이 없지', '넌 지금 무슨 생각을 하니?', '넌 지금 무슨 생각을 하니?']",[]
Giriboy,Sensual-album,쌩얼 (Naked Face),1,[],"['하루도 안 빠지고', '보던 게 싫었던 거야', '멍 때리는 너 때문이 아니야', '원빈을 보며 침을', '흘린 게 싫었던 거야', '잡지만 보던 너 때문이 아냐', '걔와 나를 번갈아서', '본 게 싫었던 거야', '내가 걔와 비교되서가 아냐', '화장을 안 하고 나온', '너가 싫은 게 아니야', '절대 싫어서가 아냐', '절대 싫어서가 아냐']",[]
Giriboy,Sensual-album,쌩얼 (Naked Face),2,[],"['절대 거짓말이 아냐', '저기 가서 거울 봐봐', '단지 편해져서 그래', '넌 내게 우리 집 안방', '다른 사람은 절대 못 들어오는 곳에', '우리 단둘만 있다면', '아무도 필요 없어 난 만족해', '싫어서가 아냐', '싫은 게 싫어서가 맞아', '매일 밤 확인하잖아', '우리는 항상 잘 맞아', '너의 진짜를 가린 화장이 지워질 때', '진짜 너와 보내는', '시간은 더 길어지네']",[]
Giriboy,Sensual-album,Wake Up,1,['Yo baby wake up'],"['넌 아직도 배우 되길 원하고 있어', '영화 많이 본 티가 나', '그게 어딜 가겠어', '니 손을 잡느니 차라리', '예전에 헤어졌던', '첫사랑 찾아가겠어 그럼', '이제 넌 뭘 하겠어', '소리 지르지 말고', '말했잖아 백번 아니 수만 번', '자기야 세상에는', '만약이란 말이 있어', '만약 내가 널 버린다면', '넌 어떡할 거야', '내가 처음이자 마지막', '부탁하나 할게 때리기 전에', '빨리 가', '이런 느낌 처음일 거야 보기를 줄게', '미안해 사랑해 중에', '너는 무슨 말을 할래']",[]
Giriboy,Sexual-perceptions,Outro,1,"['Back in the day,', 'step', 'Truck music, rap', 'I know, muthafucka', 'flow']","['뒤로 감아', '차근차근 밟아', '내가 처음 발을 내디뎠을 때로 한번 가봐', '좀 어설펐지만 즐거웠던 기억들뿐이지', '금연이라고 적힌 표지판에서 불을 들은 기분이지', '고딩 때는 그저', '다른 음악 뭔가 부족해, 구린 가사들 수정해', '대중들과 주선해, 만들었던 첫 곡', '아마추어 사이, 풋내기들의 다이다이', '허나 행복했던 하루, 그게 아니었담 지금 들었겠지 잠을', '허나 하나 뭔가 나를 서운하게 했던 걸', '힙합을 듣기 시작할 때 나는 모든 이유들을 따졌어', '학교에 간다거나 내가 싫은 애들과 친해지는 것', '친해지는 법과 잘나가는 애들 밑을 기는 것', '나는 한국 사람,', '땅으로 들어갔다 위로 올라, 디그다', '#포켓몬 #디지몬 #원피스 #드래곤볼 #배틀로얄', '#블리치 #너무쓴커피']",[]
Giriboy,Sexual-perceptions,Outro,2,"['BBC, Supreme', '10DEEP, Number Jordan', 'Pharrell', 'Andup', 'New Era', 'fly', 'I know, JM', 'Follow Swings,', '#Verbal Jint of OVC']","['짭', '목 늘어난 없는', '카라티, 무신사, 힙합퍼 형들 따라해', '압구정서 존나 발렸지만 동네를 걸을 때 난 눈길을 받았네', '여자에 눈 떴을 땐 내 음악은 한 순간에 바뀌어', '욕만 했던 엄지를 받고', '인디 락, 발라드, 아이돌 색안경을 벗었어', '머리를 기르고 벗었어', '하고픈 게 너무 많아 이리갔다 저리갔다', '이러다가 뭐가 될지는 나도 몰라. 그냥 가', '오버클래스 빠돌이. 돈을 모아 공연장을 거의 다 가', '이러다간 그들과 함께 할 수 있단 생각에 난', '어쩌면 예상했던', '싸이월드 친구 추가 했네', '#신화 #김동률 #휘성 #거미', '#중독되는커피']","['Number가', 'Jordan과', 'Andup에게서', 'Era를']"
Giriboy,Sexual-perceptions,Outro,3,"[""Do'Main and Buckwilds,"", 'JM truck so big.', '#LOL']","['잘못된 시작, 사람들은 나를 랩퍼로 알아', '힙플에 내 이름이 오르고 너무 거친 평가도 받아', '내 가치를 내가 죽여버린 것, 무대를 내려가는 건', '너무 어려워서 그냥 시작했지, 이제 정말 매순간 도전', '심장 또 허파', '너도 한번 까봐 명함', '#워크3 #바람 #스타 #메이플스토리', '#피파 #쿠폰모아먹는커피']",['JM과']
Giriboy,Sexual-perceptions,성인 Adult,1,[],"['넌 아직도 그 일을 하고 있니?', '난 아직도 그 일을 하고 있지', '나름대로 잘 돼서 나는 너무 행복한데', '생각이 너무 많아 밤에는 못 자고 있지', '아무런 상관없는 너가', '너무 바빠 다 잊고 생각 안 나던 너가', '너에게 말한 바램들을 다 이루고 나서야', '내팽개친 순수함을 난 다시 주워 담고 있지', '얼마 전 너의 번홀 찾았어', '다행이야, 나도 번호를 안 바꿔서', '혹시 이건 미련일까 한참 생각해봤지만', '이건 그냥 생각나서에 조금 더 가까워', '이런 날이 올까 상상도 못 했어 난', '예전에 우리 치고 박고 난리도 아니었잖아', '그래, 그땐 그게 정말 최선의 방법이었어', '지금은 절대 겪을 수 없는 큰 감동이었어']",[]
Giriboy,Sexual-perceptions,성인 Adult,2,"[""I'm fine,""]","['너가 없는 도시에서', '꿀리면 안 돼, 흐르는 눈물 모른 척 했어', '다 소용없는 짓, 괜찮은 척', '메마른 몸의 예쁜 여잘 쟁취하는 것', '근데 그것도 별로 오래 못 가더라고', '갈 사람은 가고 일만 배신 안 하더라고', '그래서 너무 빨리 달린 거야', '그래서 지금 너에게 창피를 팔리는 거야', '뭐, 니가 어떤 여자였건 아무 상관도', '돈이 필요하다거나 어떤 바람도', '심심해서도 아냐, 그냥 생각이 나서', '그냥 생각이 났어, 갑자기 정신 나가서', '지금 생각해보면 우린 잘못한 건 없어', '그저 변해가며 고쳐갈 뿐, 뭐라 할 건 없어', '난 다시 태어났어, 많은 경험 후에', '널 미워한 게 후회돼, 전부 똑같은데']",[]
Giriboy,Sexual-perceptions,Skit (CHEEZE사리추가VER),1,"['skit', 'ship', 'trip', 'dream']","['니 손을 잡아도 아무 감정이 없어', '매일 똑같은 생활의 반복, 반전이 없어', '니가 애교를 떨며 내게 앵길 때도', '나는 핸드폰을 만지면서 무시했어', '사랑을 자꾸 강요하는 너에게', '이제 내 마지막 남은 사랑을 보낼게', '나는 자꾸 이런걸 따져 뭐가 손해인지', '대화가 끝나면 서로의 뒷모습만 보겠지', '난 미안하지 않아, 이제 그만 울어', '내가 어떤 잘못을 해도 난 안 들어 두 손', '니가 어느 날 갑자기 두 눈이 크게 부어', '우리 집 앞을 찾아와도 난 고개 안 숙여', '그냥 기억을 죽여, 흘러가게,', '바닷바람에 그저 흘러가게,', '우리 목적지 없이 떠나기만 했던', '이제 끝낼 때가 됐잖아, 깨버리자']",[]
Giriboy,Sexual-perceptions,Skit (CHEEZE사리추가VER),2,"['Hook song', 'skit']","['너는 지겨웠던', '잊기에는 어려운 그 지겨운 중독성', '정리할래 결벽증 환자처럼', '니 흔적들을 서랍에 밀어 넣어', '사실은 좋은 기억들을 기억하기 싫어서', '찌질하게 니 욕을 가사로 담아', '돈을 벌고서 새로운 여잘 편하게 만나', '영원한 건 절대 없어, 모든 건 지나가지', '이별도 영원하지 않아, 그냥 지나갈']",[]
Giriboy,Sexual-perceptions,좋거나 싫거나 Love & Hate,1,"['Truck music,', 'Swings', 'Just Music,', 'jeep', 'fan Thank You']","['엄마 배속으로 돌아왔네', '철없는 수준, 발언보다 용감하게', '너의 똥을 치우고 된장찌개 끓여먹어', '일이 너무 많아, 잡일은 매니저 부려먹어', '매니저 마저도 힙합', '우린 너무 강해, 마치 랭글러 차', '고속도로 한가운데에서 가로로 서', '차에 치인 너의 비명을 난 환호로 써', '나의 지난 과거들을 벌했지', '왜냐면 과잉진화 한 채로 난 신의 영역을 침범했지', '날 용서해요, 솔직히 어저께도', '내 랩을 듣고 몇 명의 랩퍼가 랩을 접었네 또', '이런 날 좋아하는', '슬아, 민주, 영현, 소연, 재웅, 혜주', '혜리, 미래, 여명, 호성, 연지, 예빈, 성태', '그 외에 모든 사람도 내가 다 서폿해']",['fan들']
Giriboy,Sexual-perceptions,좋거나 싫거나 Love & Hate,2,"[""Do'Main"", 'Just Music']","['밑에서 치고 올라올 틈이 없게', '위에서 누르는 유명에게 말했지', '대체 니가 뭔데 내 앞길을 막고 발을 걸어', '인간관계에서 넘어져도 내 예술은 똑바로 걸어', '이 가사에 말뜻처럼 난 선전포고해', '지금 위치로 올라와 내 초심에게 보고해줘', '이제 내가 메인', '욕하려면 욕해, 난 여전히 해']","[""Do'Main에서부터""]"
Giriboy,Sexual-perceptions,지켜줄게 Take Care Of You,1,[],"['많은 짐승들 사이에서 난 너를 구해야 해', '때론 벌레들도 붙어 너를 향해 구애 하네', '니가 걔네 앞에서 웃는 모습을 상상하지 자꾸', '그건 너의 일이라서 나는 반항하지 않아', '너는 옷을 벗고 걔넨 너를 만져', '가끔 아빠뻘 사람들 앞에서도 당황 않고', '최선을 다하겠지, 내가 이해해야 되냐', '집안이 문제라면 내가 이해해야 될까?', '어제는 나 밤새도록 울었어', '할말이 없어서 오늘은 얼마나 벌었냐고 나는 물었어', '너는 웃고 있지만 눈은 부어있어', '내가 먹을 것 좀 사올게, 일단은 누워있어', '너가 몸을 파는 건 가슴이 찢어질듯해', '근데 어쩔 수 없지, 내 지갑 찢어진듯해', '우리는 빛이 없어, 수많은 넝쿨 사이', '내가 사자가 될 테니까 우리 조금만 참자']",[]
Giriboy,Sexual-perceptions,지켜줄게 Take Care Of You,2,[],"['싸우는 날이 많아졌지', '야, 내가 얼마나 많이 받아줬니?', '내가 왜 너를 감당하고 살아야 돼?', '내가 왜 너의 상처들을 다 알아야 해?', '이젠 이해하는 척 웃어주는 것도 지겨워', '나도 씨발 너처럼 옷 벗고 접대 하고 벌면', '너는 내 기분 알까, 그건 또 싫지', '지켜줄게, 걱정하지마']",[]
Giriboy,Sexual-perceptions,왕복 30분 (Back And Forth 30min),1,[],"['우리관계는 어설퍼 닿을 듯 말듯', '썸이라고 하기에는 아주 작은', '만남과 주고받은 문자로 볼 땐', '우린 서로의 프라이버시', '너무 존중해', '다른 여자를 만날 땐', '너무 쿨하게 행동', '나도 모르게 약속을 빼', '주말에 빼고', '돈을 쓰기도 안 쓰기도 애매해', '아직 모르겠지만', '일단 영화 예매해', '이해를 하는 건지 그냥 마는 건지', '전혀 감이 안 잡혀', '일단은 문자하지 그냥 그만이야', '이건 돼도 안 돼도', '만날 땐 커피 먹고 또 영화보고', '전부다 다해도', '이랬다가 저랬다가 하는 건 대체', '왜 인지 말해줘']",[]
Giriboy,Sexual-perceptions,왕복 30분 (Back And Forth 30min),2,[],"['걸어서 너와 내 거리', '왕복을 할지 편도를 할지', '확실히 하기엔 애매한 상태', '연락을 끊자는 말에 너는 발끈해', '김칫국을 마시며 불면했던 밤들', '설레지도 않아 이젠', '확실하다 한들', '이대로 끝내기엔', '니 허리가 아른아른', '거려서 다시 난 초심으로', '몹쓸 상상을', '기대를 해야 할지 그냥 놔버릴지', '전혀 감이 안 잡혀', '일단은 손도 잡고 또 허리 감고', '이걸 해도 돼 말어', '만날 땐 야한얘기 전 남친 얘기를', '전부다 다해도', '이랬다가 저랬다가 하는 건 대체', '왜인지 말해줘']",[]
Giriboy,Sexual-perceptions,잘 지내냐 (How You Doin’),1,['turn up'],"['행복해 보이네, 용돈도 받고', '여전히 멍청하게 똥 폼 잡고', '알바머니로 꼬신 여친과 뽀뽀하고', '꼭 평범한 것 하고 성공하렴', '난 계속 음악해, 멍청하지', '니가 시끄럽다 했던 힙합 하지', '난 여전히 철이 없지만 잘나가', '근데 일이 너무 많아서 밖엔 잘 안 나가', '여자가 매일 꼬여 긋지 못해 선을', '일방적인 성공에 까먹지 떨어지는 법을', '걱정할 필요가 없었지, 미래에 대한 것을', '일에 취하다 보니 적응 했지 모든 것을', '진심으로 음악과 결혼할 생각이 있어', '공연 티켓 보낼게, 놀러 와, 생각이 있음', '내 음악에 니 더럽고 추한 대가리 씻어', '그리고 이 싸비가 시작되면 개같이 짖어']",[]
Giriboy,Sexual-perceptions,마치 짜기라도 한 듯이 (Like As Fixed),1,"['SNS', 'truck']","['마치 짜기라도 한 듯', '한꺼번에 몰려와서 나의 앞을 막어', '이젠 말도 함부로 못하고', '내가 사는 어장을 부순 그들은 상어', '세게 밟어, 여유 부릴 수는 없지', '뒤에서 나를 따라잡아, 이제 별 수 없지', '사실 그 동안의 생활은 너무도 편했어', '동네엔 카페가 들어서고 나도 변했어', '변할 건 변하고 웃음을 잃지 말자', '날 도와준 모든 이들을 잊지 말자', '쓸데없는 힙합 자부심은 갖지 않아', '나는 그냥 음악 하러 왔어, 나를 방목하지 항상', '시작이란 말을 다시 재조명해', '무대 위에 설 테니 모두 내게 조명해', '조명 밑에 팔을 뻗은 수 많은 사람들', '내 노래를 따라 해, 마치 짜기라도 한 듯이']",[]
Giriboy,Sexual-perceptions,좀 해 (Do It),1,"['rap', 'Snapback bucket hat', ""We go hard mo'fucker, JM fucker"", ""Buckwilds, Do'Main, Parkjihwan mo fucker"", 'Truck', 'beats by 5gram, feels like', 'uh']","['이 앨범의 첫 번째', '바뀌어 써', '3년 간 냈던 앨범은 그저 덤벨 셋', '이제 내가 할 건 헬스장을 옮겨 놨네', '가족이 많지만 나는 계속 혼자 가네', '계속 밟아, 교통이 혼잡할 때', '백미러 보지 않아, 보이는 것 앞에 있지', '지능적이야, 무지하지 않아, 벗어 헤인즈', '경쟁은 안 해, 이건 혼자 하는 나의 레이스', '너네가 주인공, 난 그들의 형이지 에이스', '이 홍대', '내 위치 가늠하지 마라, 니가 뭔데?', '벌처럼 날아서 나비 밑에 깔려', '나비는 내 깔년, 난 벌침을 박어,']",['Snapback에서']
Giriboy,Sexual-perceptions,좀 해 (Do It),2,"['Swings', 'LOL', 'Paper', 'uh', 'Take over, game over', 'young', 'yeah', 'Fuck that rap,', 'track', 'stay,', 'dance,']","['그래 ""실력이 선배""', '근데 그는 맨날 나한테 졌네', '나는 너무 컸네, 머리에 피가 말렀네', '나를 깔보던 형들은 방금 제대로 말렸네', '내 음악을 담아서 말었네', '내 음악이 마약이면 만 그람 팔었네', '이제 지나간 추억들과는 안녕', '다가올 날들을 맞이하며 나는 감동,', '너네는 이제', '오늘 나는 다시 태어났지, 케익 썰어', '초는 꼽지 않아, 나는 아직', '그래서 떡은 입 말고 다른 곳으로 삼키고', '술 좀 따라 봐, 잔이 부서질 듯이', '돈 많이 벌어, 지갑 무너질 듯이', '엉터리 랩퍼들은 상황 파악 좀 해', '난 이제 너무 커 버렸어, 좀이 아냐, 좀 해,', '나는 무식해, 앨범마다 안 될 걸로 주식해', '구식 나는 최신', '나오는 좀 더 새로운 걸 제시해', '너는 그냥 그냥 들으면 돼', '그냥 음악에 반응할 때는 춤을 추면 돼', '너는 그냥 그럼 내가 다가갈게', '너희가 있어 고마워, 나는 맘을 담아 할게']","['Swings가', 'LOL을', 'Paper에', 'track들마다']"
Giriboy,Mechanical-album,You`re a Medical,1,"[""You're a medical baby"", ""You're a medical baby""]","['너의 닮은 꼴을 찾다', '어느덧 미국까지 왔어', '의학용품을 바르는 널', '너는 병든 모습이 제일 예쁜데', '병원을 가란 소리가 전혀 아니었는데', '왜 자꾸 쓸데없는 곳에 돈을 투자해']",[]
Giriboy,Mechanical-album,You`re a Medical,2,[],"['화장 지워봐 키스할래 니 얼굴에', '난 그냥 내추럴한 니 모습이 난 좋은데', '거짓말 치지 말라니 나는 정말 억울해', '츄리닝 모습으로 함께 만화책 정주행', '그게 더 부인 같아 좋아', '부인을 부인하지 말아', '결혼 전제하에 만나는데 너는 아닌가봐', '영혼을 보여줘 너가 진짜 마지막인가봐']",[]
Giriboy,Mechanical-album,I’m In Trouble,1,[],"['니가 나의 신발과', '같은 것을 신는 사진 난 봤어', '요즘 유행 따라간 게', '아니었다면 난 피곤하겠어']",[]
Giriboy,Mechanical-album,I’m In Trouble,2,[],"['만약 니가 했던 모든 것이', '나를 의식했던 거면', '기분이 너무 좋아졌지만', '우물에 빠지긴 싫어']",[]
Giriboy,Mechanical-album,우주비행1 (WYBH1),1,[],"['지구는 늘 별이 없고 별게 없지', '겨울은 춥고 여름도 난 너무 추워', '개새끼마냥 맛있는 것 맨날 쫓고', '별다른 다를 일도 별다를 게 없어', '그럴 땐 너가 나를 안아줬음 싶어가지고', '너를 찾아가지 또 나 완전 미쳐가지고', '너를 보자마자 벗겨 나는 시건방진 놈', '너는 무표정한 얼굴로 가만있어']",[]
Giriboy,Mechanical-album,우주비행1 (WYBH1),2,"['Yeah, we are the young, we are the young', 'cuz we are the young']","['뭔가 된 것 같은 기분', '지금 한 시간이 마치 일분', '같아, 우린 서로 대화도 하지', '미쳐있는 상태로 상스러운 말을 뱉어', '가만있어, 아직 안 끝났어', '나와 너는 마치 고무사이 햄버거', '살이 안 찌니까 우린 매일 해먹어', '니가 딴 놈을 거쳐 지금 나에게로 와도', '절대 뭐라 안 해, 정말로 멋져', '이런 애를 어디가서 만나겠냐', '이렇게 생색내도 여전히 멋져', '우린 뱉어 외계어, 나사가 따로 없지', '니 스킬은 드라이버, 나사가 필요 없지']",[]
Giriboy,Mechanical-album,LO:OP,1,[],"['한참 생각했어 너에 대해서', '방금 마신 술이 전부 깨서', '시그널을 봐도 재미없어서', '한참 생각했어 너에 대해서', '너는 생각 많고 차분하지', '주위 사람들만 행복하지', '커피는 맛있고도 따뜻하지', '그냥 좆 까라 마-마이싱', '머릿속에 남아도는 계이름 덕에', '넌 방금 만든 곡의 제목을 한참을 고민', '근데 커피는 맛있고도 따뜻하지', '사먹을 돈 있어도 생각은 빠듯하지', '생각은 오락가락, 정신 없이 나락으로 빠져버려도', '너는 우주 위를 날아', '넌 그래야 해 임마', '이 고통이 계속 반복 되도']",[]
Giriboy,Mechanical-album,말하자면 길어 / 다운 (It’s a Long Story / Down),1,[],"['지옥문에 가까워가네, 아주 까맣게', '어릴 때 미역국을 남겨선가 봐', '나는 병신처럼 바라만 보네, 그럴 수 밖에', '나 왜 이렇게 변해버린 걸까?']",[]
Giriboy,Mechanical-album,공황 (Panic),1,[],"['나는 내가 될 수 없어, 내가 될 수 없어', '어린 뇌가 될 수 없어, 어린 뇌가 될 수 없어', '혹여 타임머신 발견 해도 돌아갈 순 없고', '이 상황을 버티기엔 나는 너무 재밌어서', '세상은 커다란 벌집, 야, 벌주다가 꿀 줘', '꿈을 이룬 후에 난 더 길고 또 커다란 꿈 꿔', '반대로 꿈을 이룬 건 꿈을 잃은 것', '솔직히 별 거 아니더라, 감사함을 죽여', '어리단 걸 알았을 때 난 비로소 어른이 됐네', '따뜻하게 포장된 세상에 얼음이 됐네', '왜냐면 화려한 꽃들 밑에서 거름이 됐기에', '그 시간들 사이에서 난 나름 거물이 됐네']",[]
Giriboy,Mechanical-album,ZOA,1,[],"['너를 안아버리고 싶어, 아무 예고도 없이, 없이', '이건 너무 너무 하지, 니 심장이 멈춰버릴 거니까', '두 눈을 부릅뜬 채로 나를 바라봐줘', '나는 양심 따윈 없어 또 너를 훔쳐가', '요 며칠 사이에 난 니 생각만 했어', '난 이 기분을 잃기 싫어서 기억을 백업']",[]
Giriboy,Mechanical-album,우주비행 2 (Space Flight 2),1,['for love'],"['너와 난 여기에 머물지 않길 바래', '저기 지구인과 어울리지 않길 바래,', '우린 비행을 하고', '비행의 뜻은 날아간단 뜻이 아니란 걸', '느낌 있는 사람들은 알지', '우린 너무나도 못된 짓을 하지', '내가 하는 비행, 너도 동의하지?', '동의하지? 너는 동의하지', '내가 소리를 원하면 허가를 내줘야 돼', '데칼코마니해 우린 한 배를 타네', '간바레, 간바레, 간바레, 간바레', '우린 다신 돌아오지 않을 거야 준비해']",[]
Giriboy,Mechanical-album,우주비행 2 (Space Flight 2),2,[],"['지구에 사는 이웃들이 잠들 때쯤에', '하늘엔 별이 뜨고 우린 눈을 부릅 뜨네', '비행하자, 이 틈에 우린 일을 내지 크게', '이웃에 방해되는 건 문제도 아냐 문제', '진짜 문제는 우린 길을 잃었다는 거', '불을 질러버리고 끼얹자 기름 같은 걸', '이게 나쁜 짓이라고 절대 의심하지 말어', '차원이 다른 비행이라는 걸 우린 알어', '내 달팽이 관이 도망가 버릴 때까지', '내 입이 사라져서 밥을 못 먹을 때까지', '화이또, 화이또, 화이또, 화이또, 화이또 데스', '우린 다시 돌아오지 않을 거야', '저기 달이 질 때까지']",[]
Giriboy,Mechanical-album,예쁘잖아 (Because You’re Pretty),1,[],"['횡단보도를 건널 때도 양손 두 팔을 들고서 걸어', '혹시 몰라 납치를 당할 수도 있으니까 경호원을 고용해', '돈은 걱정하지를 말고서 막 써', '그 남자 정도면 업체를 살 수도 있잖아', '넌 성격이 문제지만 다행이야', '너는 예쁘잖아, 너무 예쁘잖아', '니가 웃을 때는 나는 불안해져', '대체 몇 명의 남자가 그 웃음에 녹아 없어졌는지', '이제 잔고와 함께 눈물도 다 말라서', '기쁨과 슬픔의 경계에서 헤매고 있는 중이야', '너는 좋겠다, 정말 좋겠다', '왜냠 예쁘잖아, 너무 예쁘잖아']",[]
Giriboy,Mechanical-album,예쁘잖아 (Because You’re Pretty),2,['cuz everybody loves you'],"['너가 어렸을 때부터 쭉 받아왔던 교육', '이젠 몸에 배어버려', '심각해, 보기보다 심각해', '반면 나는 태연하게 행동해 여심 앞에', '너는 왜 집에 없니? 집이라며, 내가 귀신이 든 거니?', '무서워, 무서워, 이젠 너의 애교가 넘 무서워', '나의 착각이라 믿고 볼 꼬집어 수천 번씩', '니가 웃을 때는 나는 불안해져', '대체 몇 명의 남자가 그 웃음에 녹아 없어졌는지', '이제 잔고와 함께 눈물도 다 말라서', '기쁨과 슬픔의 경계에서 헤매고 있는 중이야', '너는 좋겠다, 정말 좋겠다', '왜냠 예쁘잖아, 너무 예쁘잖아']",[]
Giriboy,Mechanical-album,그 정도 쯤이야 (So so),1,"['woo-a-oh', 'yeah-eh-yeah']","['넌 여전하니?', '혹시 슬퍼서 울지는 않니?', '니 얘길 누굴 통해 들어 기분이 조금 상할뿐야', '그건 정말 아무것도 아냐, 괜찮아, 너 정도 쯤이야', '너 정도 쯤은 아무 것도 아냐', '오히려 내가 미안하지, 재밌는게 많아', '시간이 너무 남을 때는 만화책 보며 놀면 돼', '잔소리는 이제 우리 엄마로도 충분해', '비가 오고 눈이 오고 해가 쨍쨍', '계절이 몇 번 바뀌어도 아직 내가 대세', '너가 낄자리는 없어, 스케줄이 뺵뺵해', '그냥 기분이 상할뿐야, 난 여전해']",[]
Giriboy,Mechanical-album,그 정도 쯤이야 (So so),2,"['yeah', 'yeah-eh-yeah']","['정말 멋있네, 니 옆에 남자애,', '나를 닮아서 아주 잘 맞어,', '어떻게 그렇게 웃고 다닐 수 있는 지', '나의 멍청함으론 상상도 못해', '사실은 부러워, 그 놈이 있는 곳 너의 집', '더 이상 할 수 있는 거짓말도 난 없네', '자꾸 그 남자에 나를 대입해서 상상해']",[]
Giriboy,Mechanical-album,우결 (WuGyeol),1,"['Hate me,', 'Hate me,']","['그냥 자고 싶어, 니 연락 씹고', '과자나 까먹고 그냥 누워있었지', '난 살고 싶어서 널 사랑했고', '이젠 귀찮아서 그냥 누워있었지', '더 이상 나는 못 참을 것 같아서', '헤어지자는 말을 못해서', '문자를 몇번이나 썼다 지웠어', '니가 먼저 말을 꺼내주길 바래 난', '사실은 나쁜 사람 되기 싫어서 나쁘게 말하는거야']",[]
Giriboy,Mechanical-album,우결 (WuGyeol),2,[],"['끝을 볼 수 없는 우리', '끌까 말까 고민중인 불', '어떤 짓을 해도 무리', '끌 때마저 골치 뿐인 불', '우린 연기를 잘해서 숨이 막히나 봐', '이별 앞에서 누가 더 말 심한가', '차라리 욕을 해줘, 내가 싫다고 해줘']",[]
Giriboy,Graduation,우주정복 (WYJB),1,"['navigation', 'pilot', 'dream']","['심장은 뛰지. 멈추지 않아. 공기가 충분하게 준비 돼 있어', '위치 계속 변하지. 고장 나는 여긴', '우린 무중력에 중독되어 떠다녀', '조여오는 이 느낌이 좋아 압력', '우린 새로운 게 필요하지 반전', '모래를 밟고 있다는 게 우리들의 약점', '우린 달의 표면을 밟을 거야', '저기 지구는 정말 너무 작을 거야', '우리가 했던 고민들은 너무 너무 작을 거야', '그럴 시간조차 없어 속도는 너무 빠를 거야', '안전벨트 풀고 내가 너의 허리를 잡아', '너는 여유롭게 구경하지 저기를 봐봐', '여긴 우리가 왔던 별인가 봐', '화성까지 온 거야 대충 해서 어림잡아', '빈손으로 왔다 얻는 것은', '꿈을 잃고 나면 얻는 것은 다음 미션', '그게 없다면 너무 긴 인생의 지속', '가만있다 보니 지킨 내 가치는 희소', '여긴 너무 조용해 어질러놔야 해', '그 후에 딴 곳으로 가야 해', '내가 여태 그래왔던 것처럼', '내가 여태 그래왔던 건']",[]
Giriboy,Graduation,졸업 (The Graduate),1,[],"['우린 오늘만 살다가 전부 죽을 거야', '누구 한 명만 생존하면 그건 슬플 거야', '우린 할 수 있는 거 다 해', '편의점을 털고 평소에 할 수 없던 행동을 전부 다 해', '날씨가 어떻게 되든 상관없어', '그저 하루살이 태양에다 몸을 던져', '아쉬운 게 있다면 오늘 다 해', '모든 게 허락되고 안 되는 것만 안 돼', '일단은 네가 가고 싶은 곳을 가', '예쁜 척 할 시간도 없어. 못된 표정 지어 봐', '그 모습을 머릿속에 아름답게 기록하고', '사소한 행동 하나하나에 다 기뻐하면', '비로소 우리 둘의 마지막이 완성돼', '하늘로 가는 발걸음이 너무 가볍겠지', '동그랗게 매달린 밧줄은 목걸이 같아', '지금 우리 모습은 자유롭게 나는 새 같아']",[]
Giriboy,Graduation,졸업 (The Graduate),2,[],"['천사들이 우리 아침을 맞이해 주겠지', '악당들은 전부 저 밑에 지구에 숨겠지', '술 따윈 필요 없어. 우린 이 행복에 취해', '잠시 멈춰 있던 숨을 마음대로 쉬네', '악몽 같던 날들은 이제는 뒤로해', '난 지금 일기를 적을 종이가 더 필요해', '욕은 하나도 없어. 입에 수건을 물었지', '눈물은 이슬이 되어 나뭇잎이 불었지', '우린 존재함에 슬퍼', '모든 것은 해결됐어. 이제는 감동에 벅차 울어', '대체 뭐 땜에 울고 고개를 숙였는지 몰라도', '이젠 영원한 너 땜에 웃어', '너 너 땜에 웃어 이제 허물은 없어', '모든 것이 환영 같고 감동에 여운이 넘쳐 흘러', '우린 이걸 원했던 거야 너무 간절하게', '살아있단 것은 너무 아픈 상처 같아']",[]
Giriboy,Graduation,내가너를사랑하지않는다는것은망할너의친구들의아이디어같아 (Whyyoumad),1,"['Tell me why you mad,']","['내가 너를 사랑하지 않는다는 것은', '너의 망할 친구들의 아이디어 같아', '내가 너를 막 대하고 신경도 하나도 안 쓴다니', '너는 조금 피곤한 것 같아', '나는 목을 쓰는 직업 너는 말을 쓰는 직업', '마치 내가 너를 채용한 것 같아', '착한 척 나쁜 척 천사인 척, 척척척척 다하더니', '너의 본 모습은 알 바 아니지만 내 애인이 돼 달라고 했지', '하지만 넌 타고난 싸움꾼, 갈수록 타고나지는 건 나의 맷집', '옷도 이쁘게 입고', '멋진 개념을 가지고', '왜 그래, 왜 그래, 왜 그래 했더니', '네가 하는 말은 ""대체 정말 진짜 왜 그래?""', '별 거 아닌데', '곰곰이 생각해봐 그래 아니면 말어', '어제 사우나도 가고 밥도 먹고 다 했잖아', '갑자기 그러면 전개가 뭔가 이상하잖아']",[]
Giriboy,Graduation,인체의신비 (Secrets of the Human Body),1,[],"['녹아버린 얼음들은 주울 수가 없어', '내 온몸은 다 축축하게 젖어버렸지', '더러워진 이곳에 난 누울 수가 없어', '우린 젖어버린 피부를 다 벗어 던졌지', '온몸이 피로 덮인 채로 또 몸을 섞어', '이 행위에 끝에서 만나게 될 우리 영혼', '너는 내가 되길 염원하지 간절하게', '나는 네가 되길 기도하니 완전하네', '그래 우린 더 영원하길 원해서', '너의 장기들을 봐야겠어 꺼내서', '난 너를 탐구하고 관찰하지 더욱 더 깊숙이', '나는 의사가 되기로 정했어', '나의 두 귀는 청진기가 되어', '네 심장에 내 얼굴을 대고 또 한입 베어', '먹을까 했어 이모티콘 같은 빨간색 하트', '비로소 우린 하나가 됨을 자각해 난']",[]
Giriboy,Graduation,인체의신비 (Secrets of the Human Body),2,[],"['인체의 신비로움에 난 빠져버려 실험해', '넌 왜 이 험한 곳에 들어와 너의 허우대를 뽐내고 있었니', '너는 너를 아직 모르지, 너의 장기는 참 고르지', '나를 믿고 맡겨 주시길 다뤄 줄게 정말 소중히', '아냐, 소중한 건 소중하게 다루면은 안 돼', '고통을 느끼지만 너의 표정은 조금 관대', '어서 이 광대 짓을 끝내고 하루라도 빨리 수술을 끝내고 싶어', '지금 너무 급하지 마음이', '다른 애들은 모두 마음의 힘을 믿지만', '나는 눈으로 확인해야 오겠어 잠이', '그래, 사랑 같은 건 믿지 말아, 그것은 잠시', '허나 지금 이 느낌은 영원하지']",[]
Giriboy,Graduation,Wewantourmoneyback,1,"['Kgvovc, sick,', 'Album money', 'woo, woo, yo', 'We want our money back, we want our money back', 'money, money back', 'money, yo', 'sushi rap', 'Swings', 'Black Nut', 'yah', 'lie, lie, lie, yeah', 'Zino', 'EDM']","['우리는 너희 헛기침', '감기에 걸린 듯 하루 종일 누워있지', '누워서 수금하지', '앉아서 수금해 해 처리', '이건 존경 받는 앵벌이', '이젠 개나 소나 랩 패거리,', '니가 입구녕으로 처먹은', '그거 소화되기 전에 빨리 뱉어', '내 1700 네 틀다 상했지', '네 패션에 눈이 멀어 보고 반했지', '소재도 안돼', '너 은퇴 길을 걸어 빠이, 빠이, 빠이,', '입만 열면', '빈자리 노려 호시탐탐', '빨리 나와, 이 새끼들 좀 어떻게 해봐', '야, 인마 너는 연예인병 아니면 아무것도 아냐, 그냥 가만있어', '이 새끼들 발라드, 뮤지션에게 시원하게 발리는 중']","['Nut의', 'Zino형']"
Giriboy,Graduation,입씨름 (Tongue Wrestling),1,[],"['우린 서로의 샅바를 잡고', '이런 결판은 아직도 안 났군', '종소리가 귓속에 크게 나고', '이런 결판은 아직도 안 났군', '치약 냄새가 나 너의 이빨을 탐험. 너의 입 속은 장엄해', '헤아릴 수 없는 너의 많은 마음 오늘 한 번에 알음', '하루 종일 시름시름 앓다가 주사를 맞은 듯이 살아나', '기분이 좋다는 표현은 약하지 너무 우린 좀 더 좋은 것을 알아가', '너의 지휘 아래 나는 왔다 갔다 하고 사후 세계를 넘나들어', '우린 춤을 추었지. 어떻게 그런 동작들을 쉽게 취하고 날 죽여', '너는 날 죽여버렸지. 네 혀는 칼춤을 춰. 내 몸에 악당들을 몰아내고', '나를 옭아맸던 벨트를 풀어. 완전히 합이 돼 주위에 별이 돌아 계속']",[]
Giriboy,Graduation,히키코모리 (Hikikomori),1,[],"['지금 몇 시야? 얼마나 됐어?', '집이 어질러 조금 치워야겠어', '여기 우유는 뭐야? 대체 얼마나 됐어?', '이거 먹어도 되는 거 맞지? 맞지? 자기야?', '벌써 일주일이나 지났어. 어이없지', '이거 안 먹을 거면 치울게. 다 버릴 거지?', '방을 치우면서도 보이는 너의 모습이', '너무 귀여워서 오늘도 치우긴 글렀지', '기억나 어제 난리 부르스를 치렀지', '내 몸에 쌓인 피로들을 전부 비웠지', '나의 밀린 작업들을 전부 미뤘지', '부재중 기록들, 내 지인들은 삐졌지', '나는 인형처럼 누워 네가 안을 수 있게', '나는 인형처럼 누워 멍청할 수 있게', '근데 진짜 멍청한 건 창문밖에', '쟤네 진짜 이해 안 돼']",[]
Giriboy,Graduation,히키코모리 (Hikikomori),2,"['TV BGM', 'TV', 'TV']","['안 본 영화를 찾다 우리는 포기를 했지', '그저께 봤던 영활 또 다시 보기로 했지', '근데 우린 영화 한 편 제대로 본 적 없잖아', '삼십 분쯤 지나면 네가 내 몸을 더듬잖아', '그럼 나는 별 수 있나, 뭐 어쩔 수 있나', '내키는 대로 하는 거지 뭐', '나, 나는 별 수 있나, 뭐 어쩔 수 있나', '이렇게 살다 죽는 거지 뭐', '그저 꺼놓기는 좀 심심해', '우리는 하루 종일 낄낄대', '우린 특출 났지 이 짓에', '나는 있어 네가 날 볼 수 있게', '나는 있어 멍청할 수 있게', '근데 진짜 멍청한 건 창문 밖에', '쟤네 진짜 이해 안 돼']","['TV는', 'TV처럼', 'TV처럼']"
Giriboy,Graduation,Yougottheswag,1,"['You got the swag the swag you got', 'god swag swag', 'that’s swag', 'that’s swag']","['넌 그러니 너의 갑', '너는 홍대 좀비 힙찔이들과는 뭔가 달라', '달라 원 달라 달라 얘', '너의 멋은 예쁨과는 사뭇 다른 것 같아', '아싸 존나 개꿀이야. 땡을 잡은 것 같아', '오백 받고 오천 더 오억 더 패를 보여 달라', '달라 원 달라 달라 얘', '지적인 이미지', '확고한 자기 색깔', '네가 입은 옷을 보고 사람들은 쳐다보지', '허나 너는 영문조차 모른 채', '얼굴에 뭐가 묻은 줄만 알지', '쟤네들이 번호 물어볼만하지', '쟤네는 어디서 본 것 같다 하지', '그럼 당연 너는 내 거라고 하지']",['swag은']
Giriboy,Graduation,Yougottheswag,2,"['You got the swag the swag you got', 'Sremmurd swag unlock']","['하우스 음악 즐겨 들어 요즘에', '리듬 타지 래퍼들의 호스트에', '힙합엔 끄덕거려 고개만', '너는 언제나 거기 사람들의 소재가 되지', '근데 걔네들은 음악 안 들어', '리듬 타는 척을 하지 완전', '힙합은 무슨 개뿔이냐', '너의 쩌는 몸과 아우라가 걔네들의 관점', '이해해. 네가 그리 만들었으니까', '아프니까 청춘이고 이쁘니까 너입니다', '이 문제에 이의 제기하는 이는 없습니다', '너랑 키스하면 금니들과 이가 녹습니다', '근데 너는 세월에도 절대 미가 녹슬지 않아', '신기하고 기가 막혀 웃음을 잃지 나는', '넌 이제 너의']",[]
Giriboy,Graduation,Vv,1,"['Double v-y-b,', 'rock in,', 'UFO']","['나는 진화인', '작은 개미를 밟지, 그건 꽤 신나지', '흰색 옷을 전신을 막지', '운전대를 잡지, 우린 달에 착지', '이건 구름 그 위를 부릉', '우리는 멋지게 우주로 부웅', '너희가 부름 우리는 지구로 내려가', '그동안 참았던 숨을', '한 번에 몰아 쉬어, 우에오', '월 화 수 목 금 토 불태워', '이런 건 없었어 꿈에도', '우리는 어쩌면']",[]
Giriboy,Graduation,바보상자스타 (TV STAR),1,[],"['너의 춤은 점점 더 속도가 빨라져', '내가 발을 맞춰줄 수 있어', '너는 자꾸 무대를', '내려가려고만 하는데', '그러는 널 바라보기만 해', '아무것도 못 하고서', '나는 그저 소파에 앉아있어', '먹고 있는 라면을 다 변기로', '남아있던 자존심 다 버리고', '네가 없는 화면 속은', '지루하기 짝이 없어', '네가 없는 커버 안무들은', '진짜 답이 없어 예']",[]
Giriboy,Graduation,고속 (Express Highway),1,[],"['너무 멀리 와버렸지', '너무 많은 기회들을', '전부 저버렸지', '내가 가는 길도', '이제는 목적지가 아냐', '겨울은 따뜻하니', '여기는 핫해 너무 덥지', '휴게소를 몇 번 넘기네', '너라는 사람으로부터', '나는 달아나는 중', '여자들이 내 앞에서 머릴 넘길 때', '마다 나는 니가 욕한', '사람들과 닮아가는 중', '때마침 앞에 도론 공사 중이었지', '내겐 추억에 잠길 시간이 주어졌지', '만 나는 애써 모른척해', '나는 애써 모른척해', '나쁜 놈이 되기 싫은 나의 비열한 짓', '운전을 배울 때가 좀 더 설렜던 것 같아', '백미러에 비친 내 모습은 너무 악당', '이런 모습을 들키기는 너무 창피해도', '인정할게 나를 보낸', '너의 선택이 백 번 맞아']",[]
Giriboy,Graduation,고속 (Express Highway),2,[],"['너와 걷던 길만이', '전부인 줄 알았던 나', '다른 차들과의 실랑이', '너무 싫어 머리 아파', '시원한 바람을 맞아봐도', '창문을 열고 다 잊고 달려봐도', '여긴 너무 외롭고 외롭기만 해', '오늘따라 두통은 더욱 더 심하게', '날 괴롭혀', '내 앞길 생각밖에 할 수 없지 뭐', '음악 듣는 것이', '이젠 조금 질려버려도', '이게 내가 아니고 저게 나였을지도', '몰라 그냥 돌아가고파', '니 어깨 기대 쉬고', '너를 태우고 다시 달리기엔', '니 행복한 웃음에', '초를 치는 것이 돼버렸지', '조금 뜨거워도 한번 참아달라 비네', '조금 뜨거워도 한번 참아달라 빌게']",[]
Giriboy,Graduation,섞어 (Mix It Ip),1,[],"['넌 재주가 많아 다방면', '뭐든 할 수 있지 내가 말하면', '우린 부족함이 없이 자랐고', '기분 나쁜 일이 있음 그냥 말았어', '우린 소주에 맥주를 말았어', '그게 더욱 독하단 걸 잘 알아서', '평소에는 잡생각이 너무 많아서', '떨쳐낼 수 있는 방법을 알아서', '자갸 좀 더 독하게 알았어', '내 영혼을 긁어 모아서 담아서', '내 심장을 믹서기에다 갈아서', '우린 그저 취하면 돼']",[]
Giriboy,Graduation,농밀 (Intimate),1,['Lock lock lock lock'],"['너의 맑은 눈동자에 건배', '우리 상태는 도달해 농밀', '기가 막혀 우린 미쳐 돌지', '돌고 돌아 먹고 자고 놀아', '너의 맑은 눈동자에 건배', '우리 상태는 도달해 농밀', '기가 막혀 우린 미쳐 돌지', '돌고 돌아 먹고 자고 놀아', '찡그리는 표정 나를 위한', '내 지퍼는 너만 열어 치한', '아무나 못 열어 너무 귀함', '나의 귀염둥이 대체 어딜', '만지려고 해 만지려고 해', '아가야 너 너무 많이 취함', '이크이크 힘만 들어 힘만', '뻐끔뻐끔뻐끔뻐끔 알콜', '취기를 자연스레 내장 속에 담어', '집 밖을 나가면 세상은 빡빡해서', '난 세상물정 말고', '알아야 할 것만 알아', '그래서 너 말곤 관심을 잘 안 둬', '롸임도 안 맞춰 맞출 것만 맞춰', '이 순간 모든 것은 먼지', '너의 우아함을 향해 번지']",[]
Giriboy,2-2-songs,방법 (Method),1,[],"['너 감기에 걸린 것 같아, 약 먹어야', '약 먹기 전엔 역시나 밥 먹어야', '속 쓰리기 싫음 애초에 왜 병에 걸려', '그러니 니 엄마가 부엌에는 얼씬 말랬잖아', '숨이 붙어 있는 채 관에 들어있는 기분', '항상 웃음 잃진 않지만 하루는 너무 지루', '사람들은 뺏어가려 했지 내가 내린 비를', '때려쳐, 그냥 웃어버려, 히죽, 히죽, 히죽', '우주비행, 우주비행, 거긴 너무나 높기에', '참새, 비둘기는 치여 위에 종이비행기에', '근데 너무 높이 올라가면 처참하게 찢겨', '역시 랩, 현피보다 갖춰야 할 것은 인성', '형님들 숨 좀 쉬고 살아 그러다가 아파', '우리 멋이 급하지 돈이 급하지는 않잖아', '진실된 모습이 싫으면 가면을 인정해', '어른답게 살자, 찢어버려 기저귀']",[]
Giriboy,2-2-songs,방법 (Method),2,['clear'],"['근데 일단 들어왔음 끝을 봐야 남자지', '멋진 직업 높은 시급 젊은 여자 미션', '다음 단계로 가기 전에는 니 몸을 싹 씻고', '서울 땅을 누벼, 뭐라도 된 사람 인 듯', '아무래도 나는 부처 인 듯해', '저놈들 모가지가 남아 날 듯해', '음악 할 땐 너는 가짜인걸 감안 하고 해', '어쩌면 이건 평생 동안 나만 알 듯해', '임마, 나는 우주에 있지', '그냥 받아들여 다음 걸', '이제 안 해 한 건, 잡아야 해 한 건', '그게 사는 방법, 그게 하는 방법', '그게 아는 방법, 그래 나는 방법']",[]
Giriboy,2-2-songs,방법 (Method),3,"[""It's all good man,""]","['기분이 너무 높아져버려', '잡을 수 없을 만큼 올라가 버렸어', '돌아가, 러시안 룰렛', '나는 절대로 떨지 않아, 목숨은 이미 오래 전에', '고상한 척, 고상척 좀 그만', '넌 종말에서 얼마나 더 고상한지 보자', '넌 억압에서 얼마나 더 고상한지 보자', '넌 억 앞에서 얼마나 더 고상한지 보자', '이 행성 원 안에서 너는 얼마나 더 커야', '너가 만족하고 떠날 지를 한 번 지켜 보자', '그게 얼마나 빠를 지는 한 번 시켜보자', '그게 얼마나 때가 탈지를 한 번 익혀보자']",[]
Giriboy,2-2-songs,Northbutsouth,1,"['bitch', 'yeah,', ""yeah, that's cream""]","['노스페이스, 내 모습 배워,', '노스페이스, 내 모습 기모찌', '노스페이스, 내 모습 일찐', '노스페이스 너는 삥을 뜯기지', '노스페이스 안엔 아크로님 내피', '옆엔 파타고니아 내빈', '샤넬 아이템 섞어 비대칭', '이제 준비 끝 산을 올라,', '다른 애들은 모르나 봐, 다른 애들 보세만 봐', '다른 애들 명품만 찾아, 근데 그걸 입어도 구린 거 봐', '다른 애들은 모르는 가오, 다른 애들 에취, 에취, 에취', '힙합의 간지가 나지만 입었지, 너희 엄마도']",[]
Giriboy,3-3-songs,빈집 (Empty House),1,"['Yeah,']","['아쉬운 건 아쉬운 대로 다 의미가 있지', '아쉬울 걸 아쉬워하면 넌 딴 데 가 있지', '그게 집착이라는 치명적 실수', '맘 정리하고 어깨를 피고 크게 숨 쉬고', '추파를 던져, 맞춰 죽이는 사랑은 피구', '너를 느끼고 너를 느껴, 너를 느끼고 너를 느껴', '어깰 죽이고 허릴 굽혀, 어깰 좁히면 널 안을 수 있어', '널 알 수 있어, 널 살 수 있어, 돈 없이도 난 널 살 수 있어', '널 살 수 있어, 널 살 수 있어, 널 살 수 있어, 넌 살 수 있어']",[]
Giriboy,3-3-songs,빈집 (Empty House),2,['yeah'],"['아, 치명적 실수', '죄는 없지만 죄인이 돼', '뻔한 일상들은 뻔하게 흘러가', '사랑은 지금이 메인이벤트', '난 화나서 우드드 떨리고', '넌 무서워 오드드 떨지 넌', '우리의 추억이 멋지던 후지던', '예쁘게 변하지 가루 또 먼지로', '니가 얼굴에 바르던 거 말야', '우리가 털어 버리던 거 말야', '너는 날 범죄자 보는 거 마냥 역겨워 하지', '너의 그 오만한 표정에 나는 미치겠어', '돌아버려 오락가락해,', '너 한번 안을 때 내가 두 번 안은 게 왜 죄가 돼?']",[]
Giriboy,3-3-songs,후레자식 (Hurejasik),1,[],"['너는 우리 엄마만큼 너무 좋고', '어쩔 때는 좋음 보다 더욱 높아', '그건 비트 코인처럼 계속 올라', '그건 비트 코인처럼 가끔 하락', '너는 샤넬처럼 되게 고귀하지', '분홍색이 섞여 너는 고기 같지', '너는 불판 위에 올라 더위 타지', '많은 사람들이 너를 포위 하지']",[]
Giriboy,3-3-songs,앵무새 (Parrot),1,['Forever'],"['만약 내가 떠난다면 너는 어떡할래', '너는 너대로 살고 내가 더 성공할 때', '그건 윈윈이 아냐 너는 아직도 몰라', '그건 비긴 것도 아냐 너는 아직도 몰라', '만약 너가 돈이 급해 나를 이용하려 하면', '나는 변호사 말고 너에게 전화를 걸 거야', '여전히 너를 사랑할거야', '그러니 돈이 급하면 먼저 귀띔해줘', '허나 그럴 일은 없지', '만약이란 말은 내 사전엔 없지', '만약이란 말은 너무 어이없지', '만약이란 말은 너무 어미없지', '당연 아니라는 말은 너무 억지스럽지만', '그 외에는 대답 없지', '그게 왜냐하면 법이 그래 법이', '우린 그냥 다른 세상으로 번지']",[]
Giriboy,3-3-songs,앵무새 (Parrot),2,[],"['만약 내가 떠난다면 너는 어떡할래', '너는 너대로 살고 내가 더 성공할 때', '그건 윈윈이 아냐 너는 아직도 몰라', '그건 비긴 것도 아냐 너는 아직도 몰라', '만약에 내가 약을 하면 내 싸대기를 때려', '아니 더 좋은 걸 해줘 나의 입에 너를 대줘', '이건 맨날 새로워서 정말 신기하지 매년', '아무리 날아가려 해도 그럴 수가 없지 매년', '나는 법을 까먹었을지도 모르지', '멍청해서 멍청한 것 조차 모르니', '너의 말에 할 수 있는 대답은 한가지', '그게 나는 좋은 거인 지도 모르지', '그게 뭐든 타의든 자의든 자위든 간에', '정확한 건 모든 것은 내 입에서 나왔다네', '타의든 자의든 자위든 간에', '정확한 건 모든 것은 내 입에서 나왔다네']",[]
Giriboy,Hightechnology,평화 (Peace),1,[],"['일단 아무 말 하지 말아봐', '이 정적을 좀 더 즐기고 싶어', '잠시 그만 다물어', '아가리에 모터 달고 기름 부어 놨니', '너의 잔소리는 활기찬 나를 눕혀 놨지', '그만둬 오지랖. 까 잡숴 좆이나', '그래 난 소심함 이 성격을 고친 담에', '너를 법정에서 보면 너의 표정 볼만하겠다', '이건 인간의 삶이 아니야 난 그만하겠어', '그만둬 그래 씨발 그만둬', '그냥 대출받아 건물사고 월세나 존나 받으면서', '클럽에서 음악 틀고 옷 만들고 싶어', '몇 년 날 괴롭힌 단조에서 벗어나서', '자유를 만끽할래. 존나 안일하게', '그래 심각하게 앓고 있던 나의 암이 낫게', '더 밑으로, 난 더 밑으로', '여긴 너무 시끄러, 너무너무 시끄러']",[]
Giriboy,Hightechnology,High qual-la,1,"['Color of mocha', 'Oh my god,', 'Goddanm shit,', 'Drum chop,', 'Output input', 'High qual la', 'Whole lotta kisses, whole lotta kisses', 'Whole lotta kisses, whole lotta kisses', 'Whole lotta kisses', 'High concept', 'Wanna fuck lotta kisses', 'Tape stop', 'Fill in Filter']","['함 마셔 볼까', '친구들은 몰라', '나는 오라버니', '오빠 하면 나는 돌아 버림', '우주선을 타고 지구 돌아 버림', '우주선을 타고 지구 돌아', '너는 뒷모습이 좋아', '뒷목을 잡을 때 내 심장이 이상해', '너는 잘 때 너무 이뻐', '짐 싸 들고 어서 우리 집으로 이사해', '우린 우연의 일치로 만나서', '필연의 길로 들어가', '침을 질질 흘려 발정 난 핏불', '겁나게 이뻐', '너의 옷장 털어. 전부 찢어 버려', '몸이 남아 나지 않아', '손이 가만있지 않아', '쟤네 입방아에 오른', '너는 나를 원하지 아마', '온도 올려 필요해', '너무 필요해']",[]
Giriboy,Hightechnology,계약연애 (Love Contract),1,['You look so good to me'],"['시간이 없어 우리', '퀵보드라도 장만해', '전동으로 움직이는', '빠르고도 가벼운 걸', '편리하지만 위험성이 높아', '넌 심성과 마음이 좋아', '어서 슝슝', '우리 재계약을 이야기해보자']",[]
Giriboy,Hightechnology,계약연애 (Love Contract),2,[],"['우정을 넘어서 우린 볼 수 없는 것도', '쉽게 보자 안 버릴 거 버릴 것도', '쉽게 생각해 종인 그저 종이일 뿐', '쉽게 보자 부부처럼 식구처럼', '밤낮을 바꿔 아침형이 될 수 있어', '밤낮을 맞춰 너를 매일 볼 수 있어', '나를 너의 걸로 만들어', '니 종이 될 수 있어', '매니큐어 발라서']",[]
Giriboy,Hightechnology,헌옷수거함 (Old Clothes Collection Box),1,"['Karl lagerfeld wassup', 'Takahashi jun wassup', 'Takahiro wassup', 'I4P wassup']","['휴지 조각 돼 버린 옷들은 다 잠옷 행', '두근두근 안돼. 뭔가 많이 잘못된 거 같아', '기대감이 없어 뭔가를 구매할 때', '이제 속옷 같은 것들을 구매할 때야', '구애할 때야. 저 여자를 가져', '아냐 님아 나를 가져', '지금 너무 빠져 버리기엔', '내가 내게 너무 많이 취해 있거든', '알콜을 섭취하기엔 기분 싴케이거든', '나의 머릿속에 너무 비싼 시계 있거든', '안일하기에는 나는 서울시에 있거든', '야 인마 너는 대체 어디 있니?', '정신들을 어따 팔고 있니', '정신 없는 스타일 속에 나는 무반주', '우리 나대지 말고 천천히 후발주자가 되어', '이 땅에 이바지하자. 쟤넨 너무 오바스러', '느끼하기 위해 무리할 뿐', '디테일은 어디 갔어, 너무 갔어', '우린 앞서 와도 너무 앞서 갔어', '쓴 걸 알아야지 단 걸 알아먹지', '배가 너무 불러 다 뱉어버려']",['Takahiro상']
Giriboy,Hightechnology,치킨 (BBQ & Goobne),1,"['BBQ BBQ', 'BBQ BBQ', 'falling, falling', 'falling, falling']","['치킨, 치킨, 치킨, 치킨, 치킨, 치킨, 치킨', '반반, 반반', '반반, 반반', '튀김 반 양념 반, 튀김 반 양념 반', '튀김 반 양념 반, 튀김 반 양념 반', '그녀의 허리 같아, 그녀의 소리 같아', '그녀의 성의 같아, 그녀의 손이 바짝', '내 손에 닿을 때 난 몸에 닿을 때 난', '다리 닿을 때 난 날개 닿을 때 난']","['BBQ의', 'BBQ는', 'BBQ의', 'BBQ는']"
Giriboy,Hightechnology,치킨 (BBQ & Goobne),2,[],"['그녀의 매력은 야식처럼 밤마다 생각이 옴', '몸매와 얼굴이 자극적이지 빨간 때깔이 오져', '바라만 보다가 전활 걸어 ""어디야""', '주소를 찍어 줄게 현기증 나 머리가', '50분 걸린다면서 왜 이리 늦게 느껴지는', '느낌은 그냥 느낌일지 아님 내 몸에 반응하는 어떤 느낌', '1초가 1분같아, 1초가 1분같아', '10초가 10분같아, 10초가 10분같아', '너는 마치 에볼라처럼 몸에 기생하는', '바이러스 같아. 의사들은 당황하지', '병원은 나를 미친놈 취급해 나를 쫓아내', '나는 너가 실존한다고 유투브에 올릴 거야']",[]
Giriboy,Hightechnology,우주심해 (Deep Sea of Outer Space),1,"['We alive, we alive, we alive']","['잃을 것이 많아 나는 떠나기로 했고', '나쁜 느낌들을 벌하기로 했어', '어서 탯줄을 잘라 나의 배꼽', '촛불에 뒤덮인 나의 케익을', '한입에 베어 물어 악어 같지', '늪지에 풀어 버린 상어 같이', '우주에서 놀다가 내려왔지', '오늘 피곤하니 하루 자고 가지', '초현실에 덮쳐 더 다른 감각들이 살아나', '초현실은 내 발끝부터 머리까지 다 와가', '공룡과 발견되지 않는 생물들의 사바나']",[]
Giriboy,Hightechnology-3-instrumentals,옛날거 (Used),1,"['Chanel bag', 'Number nine']","['옛날 거', '옛날 거', '너는 멋있는 걸 다 집어 들어', '입고 나가 사진을 찍어', '유치하게 태그 안 걸지', '유치한 건 내 것 아니지', '유치한 건 여자 아니지', '유치한 래퍼는 -', '옛날 것을 입은 너는 너무 에로', '내 여자만큼 나도 너무 예뻐', '옛날 것에 나는 너무나도 헤퍼', '린칸에서 전부 다 쓸어 넣어', '한국에선 절대 볼 수 없는 짓', '너흰 뽐내려고 안달이 났지', '너흰 멋지려다 아파 보이지', '다른 의미에서 나도 아프지']",[]
Giriboy,Hightechnology-3-instrumentals,Login,1,"['Yeah, check', 'view', 'B plan this is me', 'This is never ever that, never, never ever that', 'Quiett', 'gang,', 'JM, I4P']","['뭐든 아끼지마, 우리 슬로건', '세계에 울리는 중, 여기 랩퍼들의 오열', '우린 보여 성공 할 놈들의', '방구석 음악은 나를 아들인 듯 품에다가 나를 품어', '나는 해, 젊은 여자들의 몸이 전부 녹아', '나는 해, 너희 목걸이가 전부 다 녹아', '나는 해, 너흰 그저 맨날 계획할 뿐', '무산 되고 있지, 너의', '피치 올려 톤, 나는 떠, 풍선 헬륨가스', '한량인 듯 살고 조용하게 벌어', '오순도순 크루, 우주비행 전부 모여', '벌처럼 쏘고 나비처럼 너무 예뻐', '언행일치 좆까, 가끔 너무 나쁜 힙스터', '신사임당 우리 구면인가 혹시', '우주비행,']","['check해', 'Quiett처럼']"
Giriboy,Science-fiction-music,14P.KR,1,"['I know you, you know me', 'ACRONYM', 'Supreme', 'i4p, yeah, i4p', 'level']","['너는 나를 알고 나는 너를 알지', '너는 너무 애기 자꾸 토를 달지', '너를 본 보기 삼아 목을 따지', '하늘천 하늘천 천히 따 지', '계절 언제 바뀌었냐 겨울 같지', '계절 언제 바뀌었냐 봄 같지', '하늘천 하늘천 천히 가지', '여름에는 반팔티, 바지', '땅속에 때가 아냐 아직', '보이즈 옵섬머형과 무슨 차 이름 같아,', '블러 처리돼있는 너희 얼굴들 앞에', '쌍욕을 뱉고 싸대기 후려갈길래', '최고도 최선도 내 길이 아니지', '애초부터 누구 밑에 있을 아니지']","['Supreme은', 'level이']"
Giriboy,Science-fiction-music,14P.KR,2,[],"['애초부터 그만뒀지 싸울 자신이 없다면', '애초부터 정해졌지 우린 자신의 다음은', '우리의 다음은 뭔지 모르지만', '시도는 해볼 수 있잖아, 시간을 쪼개서라도', '우리는 아파', '우리는 아파', '우리는 아파', '우린 그래서 바쁘고 나쁜가 봐']",[]
Giriboy,Science-fiction-music,키보드 (Keyboard),1,"['yeah', 'yeah', 'yeah']","['웃음이 없지, 뭐를 빼먹어서,', '너가 없어진 건지는 난 몰라', '현실은 없지, 너를 빼먹어서,', '너가 없어진 후에 난 달라져,']",[]
Giriboy,Science-fiction-music,키보드 (Keyboard),2,"['Shift', 'Shift yeah', 'Shift yeah', 'Shift', 'Shift']","['허구한 날 나는 술을 목에다가 부어', '취한 나의 세포들은 나의 술친구고', '다음 날은 아침부터 저녁까지 누워있지', '건강 생각하라 하던 너의 말을 무시', '건강 생각하라며 그래서 관리하는 거잖아', '너가 다 가져가서 관리할 게 없잖아', '너가 다 해줘 와서 난관에 봉착', '3, 인생은 원래 원래 혼자', '4, 너 땜에 남아도는 거,', '5, 널 다시 만날 수는 몇,', '6, 6, 이거 하려고 내가 이 짓 하는 거야', '7까진 갈 수 없으니까', '팔베개를 하고 별을 바라보던 우린', '9, 0처럼 그저 괄호 속 안에 묶인', '그냥 컴퓨터 화면 속 데이터일 뿐', '당최 알 수가 없는 물질']",[]
Giriboy,Science-fiction-music,키보드 (Keyboard),3,"['Matrix', ""Hi, I'm fine"", ""I'm fine,"", 'issue news']","['현실 세계에서 보고 싶어', '불같은 너의 품 안에서 이제 녹고 싶어', '나는 회로 안에 뒤섞여진 죄수 같아', '두 손이 묶여 고개를 떨구며', '오늘 업로드된 나의 사진이 주는 느낌', '아무렇지 않게 어제 구매를 했던', '옷을 자랑하는 모습, 친구 만나 웃는 모습', '오늘 다룬 댓글을 다는 모습', '다 쓸데없지, 차피 너를 만질 수는 없으니까', '그저 허물 안에 갇혀 있지', '문을 열고 밖을 나가면 해는 밝을 거를 알기에', '내가 여기 갇혀 있는 거일지도 몰라']","['Matrix말고', 'issue를', 'news에']"
Giriboy,Science-fiction-music,키스 (Kiss),1,"['yeah', 'vibe yeah', 'Beat it, beat it, beat it, beat it, beat it, beat it, beat it', 'Woo,']","['순간의 충격,', '너가 씩 웃을 때에 그 느낌의 너무 좋아,', '심장이 울려', '너의 머릴 쓰다듬지, 너의 취향 머리를 다듬지', '라면에 올려줘 단무지, 너가 내게 말해 ""오빠, 듬직해""', '너는 내 맘의 풍금, 들어가려 해 은근 슬쩍, 슬금', '술 금지, 우울 금지, 해야 할게 많아', '너 우울 할 때 난 생각 할게 많아', '너의 입술 전체를 어루만져', '내 허리를 감싸 등을 만져']",[]
Giriboy,Science-fiction-music,Hook송,1,"['yeah', 'yeah', 'yeah, yeah', 'EXID', 'Exit']","['공원이나 돌까? 시원하지 바람', '시원하게 바람 맞고 나는 날아,', '카페 들려 아아, 옆에 커플 아아,', '나도 할 줄 알아, 할 줄 알아 사랑,', '사랑은 아래서 위로, 위에서 아래, 듯해', '사랑은 왔었다 떠나, 떠나고 다가와, 듯해']","['EXID인', 'Exit인']"
Giriboy,Science-fiction-music,Hook송,2,"['yeah', 'yeah, yeah', 'EXID', 'Exit']","['공원이나 돌까? 시원하지 바람', '시원하게 바람 맞고 나는 날아', '카페 들려 아아, 옆에 커플 아아,', '나도 할 줄 알아, 할 줄 알아 사랑,', '사랑은 아래서 위로, 위에서 아래, 듯해', '사랑은 왔었다 떠나, 떠나고 다가와, 듯해']","['EXID인', 'Exit인']"
Giriboy,Science-fiction-music,Skyblue,1,"['Don’t judge me Cameroon', ""Samuel Eto'o, Deadpool"", 'Cobain Kurt', 'drink, cream', 'grillz, blink', 'tour', 'Pussy boi', 'Kgvovc Kgvovc', 'Kgvovc, k bro, Kgvovc, g', 'G-R-boy beat,']","['내 그룹, 대서양', '무대서', '기타는 없어', '없어 난 겁두, 그저 매일 마셔 난 벌꿀', '속이 다 풀리지, 케익을 핥아라,', '이빨보다 안경이 이태원 안경점', '오목렌즈 눈 다 보여, 기리가 그린 큰 기린 그림', '지도를 펼쳐라 선장, 돌자꾸나', '겁보다 말이 많아서 내 옆엔 안 두지 빨리 나가줘', '말을 잘 못해도 너무 잘 나가죠', '묶음이야, 기리보이요', '랩할 기회를 노려 근데 너희는 그냥 지랄뿐이지']","['tour를', 'k는', 'g는']"
Giriboy,Science-fiction-music,Acrnm,1,"['Acro number nine', 'my zip', 'icey', 'Hypebeast', 'buying', 'Goretexx', 'Northbutsouth', 'MC', 'Acronym', 'stylish']","['어서 와요', '두 배로 당겨 마이킹', '쟤네 목걸이보다', '쟤네 목걸이 보다', '바다건너 관세', '휴형은 나에겐 바이킹', '휴형은 어쩌면 바이킹', '똥물을 막아내', '방수의 갑옷으로 도배', '그래 나는 바다의 보배', '불러 노래', '나는 송해', '힙합은 국민의 노래', '힙합은 패션의 노예', '148', '내 몸에 주머니 너무 많아', '짤짤이 현금이 마구 나와', '어서 와, 이런 거 처음이지?', '등산객 아저씨까지 너무']",[]
Giriboy,Science-fiction-music,VR,1,"['flow,', 'yeah', 'wait']","['특별하지 않아 어른 배워 애기처럼 걷는 법', '각성 해야 하지 얼음 컵, 커피 넣어 나는 버릇처럼', '버릇처럼 말야 버릇처럼, 매일 변해 나는 버릇처럼', '행동해야 하지 거물처럼, 꿈이 돼야 하지 건물처럼', '일층에다가는 커피숍, 이층에다가는 뭘 해?', '삼층에다가는 집을 지어, 건물주 맘대로, 건물주 맘대로', '건물주가 되어 옥상에서 내려다보면 성공', '우주비행 친구들과 함께 하지 성공,', '안주하는 자세 배워, 안주하며 나는 배워', '안주하며 욕 하는 새끼들은 지는 법부터 배워', '높은 곳을 올려다 볼 땐 목에 깁스 해야 해', '여자들이 너무 야할 땐 즐겨,']",[]
Giriboy,Science-fiction-music-end,관종 (Attention Whore),1,[],"['모든 순간들을 담고, 모든 순간들을 알려', '낡은 기억들의 장면, 채도 낮은 흑백 화면', '보정을 끝낸 뒤엔 나는 언제 올리지를 고민해', '고민하다 보면 잠이 오기 시작, 졸리네', '고민 하지마, 고민, 고민 하지마, 좀', '잘못 누른 하트 제발 보지마, 보지마', '멋진 신발, 멋진 옷, 멋진 시계, 멋진 스틸', '이거 금보다 비싼 거 너가 알아줬으면', '내가 잘 지내는 것을 너가 알아줬으면', '잘 나가는 사람들이 댓글 달아줬으면', ""너가 '뭐해?'라고 문자 남길 수도 있어"", '술에 취한 척하고 너에게 안길 수도 있어', '돌아와, 돌아버리기 전에', '눈물 셀카 올리기 전에']",[]
Giriboy,Science-fiction-music-end,관종 (Attention Whore),2,['Balenciaga'],"['너무했지, 너무했어, 너무해도 너무해', '술 사진, 우울 사진, 슬픈 영화 대사', '친구들아, 어서 빨리 나를 위로해라', '올린 기리보이 키보드 #내맘', '블루투스 스피커 의미 없이 찍어', '기리보이 너무 좋아 내 마음인 것', '같이 노래를 썼잖아, 친구들이 공감해', '하트 눌려, 하트 눌려, 하트 눌려, 하트 눌려', '너도 기리보이 좋아했잖아, 질투 날 정도로', '너 때문에 산 요상한 안경들 어떡해?', '기리보이 좋아했잖아, 질투 날 정도로', '너 때문에 변한 0개 국어 나의 언어', '왜 나를 버려? 왜 나를 울려?', '왜 보란 듯이 즐거운 사진을 올려?', '왜 같은 신발 신어? 왜 같은 옷을 입어?', '이거 유행이잖아']",[]
Giriboy,Science-fiction-music-end,관종 (Attention Whore),3,"['Hipster', 'Balenciaga']","['해시태그 겁나 많은 나는 관종이지', '사진 기술 플래시 터트리기', '너가 하트 누른 기리보이 사진들', '센 척 하면서 안 찍어주더라고 사진을', '너를 떠올리는 건 악플 달기보다 쉽고', '너를 못 잊는 내가 기리보이보다 싫어', '왜 나를 싫어? 왜 나를 싫어해?', '이거 유행이라매']",[]
Giriboy,Science-fiction-music-end,내핸드폰에금이갔네 (Crack on My Screen),1,[],"['우린 재미있게 놀 수가 있다면', '야, 그깟 월요일은 상관없어', '우린 재미있게 놀 수가 있다면', '야, 핸드폰 따윈 부숴버려, 부숴버려', '대체 어디서 나와, 이런 자신감?', '엄만 몸이 부서질까 걱정 하신다', '이 밤은 너무 짧고 걱정은 너무 길었어', '내일 나를 보면 취한 나를 잊어줘', '안전벨트, 멜빵 벗고 우린 힙합', '사진으로 담기에는 너무 재미있는 밤', '우주비행 식당, 너흰 가져와라 입만', '우린 너무 많아 식탐, 왜냐면 이건 집밥']",[]
Giriboy,Science-fiction-music-end,내핸드폰에금이갔네 (Crack on My Screen),2,[],"['야, 수면제를 먹어 난', '금 같은 시간들을 너무 많이 버려왔어', '돈을 벌고 돈을 써, 돈을 먹고 돈을 씹어', '우린 너무 많은 친구들을 잃고 있었어', '반갑게 인사해, 힙합 인상은 그만 써', '왜 그렇게 긴장해? 아까운 시간 그만 써', '숨만 쉬어도 욕을 먹는 세상에서 벗어나', '폰에 금을 내어 금을 벌자']",[]
Giriboy,Thank-you,미안 (Sorry),1,['yeah'],"['미안', '할 말은 많은데 나 이것밖에 못 해서', '모두 많이 믿었는데 이것밖에 못돼서', '미안하다는 말 지겹겠지, 미안, 내가 못돼서', '원하는 게 못돼서,', '다혈질에 난 툭하면 화내고', '일한다고 전화 안 받고 짜증 내고', '짜증내다가 심하면 그만하자고', '그건 되풀이되고 또 나는 미안하다고 해', '매일 미안하다고 미안한 것도', '뭔지 모르면서 나는 미안한걸 또', '미안하다 하면 너는 미안하다고', '그 말에 짜증 내고 단답, 그만하자고', '왜 뱉어내고 나서 난 후회하나 싶어', '뱉고 나면 주워 담긴 더러워서 싫어', '자존심을 세워 끝엔 미안하다 밖에 떠오르지 않아', '그러니 나 미안할 수밖에']",[]
Giriboy,Thank-you,미안 (Sorry),2,[],"['미안', '할 말은 많은데 나 이것밖에 못 해서', '초중고대 나왔는데 이것밖에 못 해서', '많이 기대 할 텐데 난 이것밖에 못 해서', '성인 되고 나서 집을 따로 살아서', '나 꿈을 살고 있어, 나는 나를 위해서', '나 돈을 벌고 있지, 나는 나를 위해서', '나 열심히 하고 있지, 오로지 나를 위해서', '엄마는 밥을 하고 있지, 오로지 나를 위해서', '부모에게 받은 빚은 언제 다 갚을까?', '그건 왜 돈이 아니라 내 건강인 걸까?', '왜 나를 위한 것에 엄마, 아빠 행복해할까?', '내 이기적인 행동이 왜 전부 용서받을까?', '팬들은 공연 못 온다고 미안하다고 해', '돈을 버는 건 난데 왜 미안한 걸까, 왜?', '왜 당신들은 내게 미안하다 말해?', '나는 나를 위해 살아, 그러니 미안할 수밖에']",[]
Giriboy,Thank-you,하루종일 (All Day) (Band Ver.),1,"['yeah', 'TV', 'yeah', 'yeah, yeah, yeah', 'yeah']","['평소 같은 날들과 할 일 없는 나의 인생 그의 사이로', '너가 들어와 줬음 싶어,', '평소같이 보고', '샤워를 마치고 문을 나오면,', '너가 따뜻한 밥을 해놓고 있음 싶어,', '하루종일 너와 의미 없이 걷다가', '예정 없던 키스를 하고,', '빠른 시일 안에 너를 갖고 싶어', '어디서 내리면 되겠니?']",['TV나']
Giriboy,Thank-you,하루종일 (All Day) (Band Ver.),2,['yeah'],"['하루종일 너와 너무 세게 안다가', '갈비뼈를 부러뜨릴 뻔했어,', '빠른 시일 안에 너를 갖고 싶어', '어떻게 하면은 되겠니?']",[]
Giriboy,Thank-you,​vv 2,1,"['Break all day', 'Break time,', 'shit,', 'motherfucker', 'global', 'Henz']","['밟지 말고 달려', '나 섭취해 카페인', '머리 졸라 굴리면서 우린 돈을 불릴 준비', '우리 회의 시간 길어, 기획하고 매일 궁리', '너흰 거기에서 멈춰, 너흰 한 게 없어', '준비에서 멈춰 있어, 내가 먼저 가 있을 테니', '내가 갈고 닦어 왔던 길을 편히 걸어', '우린 걸어왔고 그건 너무 넘사', '런닝머신 걷고 달려 제자리', '나는 너무 변했어도 계속 제자리', '대가리가 커도 우린 계속 제자리', '여긴 내 자리, 비밀번호 네 자리', '우린 너무 우주 해, 우주비행', '정장 입어 구두에, 숨을 쉬어 후두에', '두루두루 잘나가지, 우린 이제', '휴형이 유일하게 아는 클러버']",[]
Giriboy,Kgvovc-from-wybh-vol-1,초능력 (Supernatural Power),1,['shit'],"['내겐 초능력이 있지, 얍얍', '내겐 자가용도 있지, 양탄', '알라딘 같이 날아, 우주에서 심해까지', '거기서 보면 우리는 너무 미개하지', '우린 좋은 것만 보고 정말 좋은 것만 먹어', '29 나잇값을 하고 떡을 먹어', '우린 벌어 돈, 걸어 길', '적어 시, 되지 위인', '우린 위인, 우린 기인', '우린 시인, 우린', '너흰 엉뚱땅을 파고 우린 에네르기파', '내가 걸어왔던 길을 걸어 헤매고 있다면', '아직 헤매고 있다면, 아직 베개에 있다면', '이불을 걷어차고 너의 쪽이라도 팔어', '우린 우리 음악 팔어, 매일 만들어, 이건 마법', '재산 불려 8억, 물론 이건 아냐 라면', '랩하고 작업하고 파티하고 숙면', '우주비행, 우린 가졌나 봐 초인능력']",[]
Giriboy,Kgvovc-from-wybh-vol-1,페페로니 (Pepperoni),1,"['VVS', 'chain,', 'chain,', 'ACR i4p', 'Gucci', 'Kanye']","['페페로니 환공포, 내 통장에 환공포', '밀가루에 체다 치즈, 내 페페로니', '가득해 오만원권, 빠듯해 내 사정은', '왜냐면 난 배고파, 건물주가 되고파', '무결점 백금 다이아 빼곡해', '내 목엔 새털 무거워도 행복해', '사장님 간지, 아크로 바지', '내 보석 비싸지, 큐빅은 안 섞어', '이건 내 업보, 이건 내 성공', '이건 내 권법, 얍', '거리를 좁혀, 나를 몰라본 애들에게 보복', '입고 홍보', '너희들 필요해 소독', '우리를 보고 영접', '우리는 곧 법, 우리는 고도', '우리는 헌법, 우리는 형법', '핸드폰 노예들에게는 권법, 얍']","['Gucci는', 'Kanye를']"
Giriboy,Kgvovc-from-wybh-vol-1,벽 (The Wall),1,"['skill', 'I’m in trouble, bubble', 'Kendrick, sit down, be humble', 'Goros', 'Kgvovc k']","['벤시 장막 무의미', '모시 내피로 어따 비벼', '너무 아파도 참아', '너무 아까웠어 이번 건', '까비, 까비', '껌이지,', '우리 사이 벽, 우리 사이 격', '닥쳐, 우루사이, 우루사이, 우루사이', '내 목에 깃털', '뭔지 모름 닥치는 게 미덕', '묵음', '너는 그냥 아가리를 묵념']",['k는']
Giriboy,Kgvovc-from-wybh-vol-1,무거워 (Its Heavy),1,"['Asian', 'yo', 'yo,', 'yo,']","['손목시계 샀어, 근데 시계 볼 줄 몰라', '간지 갑, 우린 텍을 볼 줄 몰라', '족보 없는 걸 사, 나는 유행 볼 줄 몰라', '사이즈 라지 이상, 사이즈 표를 볼 줄 몰라', '패션 몰라, 나는 그냥 다 사, 입어보고 별로인 건 팔아', '안 입어도 장바구니 담아, 생각 없어, 그냥 사고 말아', '온몸에 현질, 온몸에 천이, 온몸을 덥지', '겨울에 덥지, 아크로 내피, 추위를 회피,', '바람막이 새삥, 아크로니 레이어드', '옷장에는 옛날거, 나는 다크 세이버', '바람막이 새삥, 아크로님 레이어드', '옷장에는 옛날거, 나는 다크 세이버']",[]
Giriboy,Kgvovc-from-wybh-vol-1,스톤 (Stone),1,"['stone,', 'stone bro', 'soul in Seoul', 'stone, you know what', 'stainless', 'biography', 'Genji', 'Kgvovc hot', 'stone', 'Houston boy', 'We never go broke', ""You're money short""]","['온몸에 사실은 아크로', '주먹엔 6개', '타노스', '심장에', '온 몸에 현질, 손목에', '동생들이 말해 ""행님 좀 갠지""', '나이에 안 맞는', '가끔은 충이라 불리지,', '그냥 난 기리충 만들어', '홍대에 다 풀어', '올해도 생산, 글로벌 수출', '목표를 정하고 행동해, 분주', '땀이나 분수 겨울에도', '넘', '스케줄 너무나 빡세요', '몸이 두 개인 줄만 아네요', '온 몸에', '만들어 곡', '2', '만져 큰 돈', '음원 미션 처럼 너무 빡세']",['hot해요']
Giriboy,100-100-years-college-course,도쿄 (Towkio),1,[],"['아직 멈춰 서 있어, 구름을 만지려는', '사람들 사이에 난 특별한 사연이 담겨 있어', '아직도 난 서 있어, 아니, 갇혀서 있어', '즐거운 표정들 속에 나만 어둠이 담겨 있어']",[]
Giriboy,100-100-years-college-course,아퍼 (I’m Sick),1,"['Drip too hard,', 'burn it,', 'JM, Indigo, we the We Da Plugg, yeah', 'party,', 'yeah', 'BET, yeah', 'just do it,', 'always']","['내 친구들 봐', '내 친구들이야, 인물 좀 봐', '인사 오지게 박아, 빡치기 전에', '숨어 있다가 나와 한 번에', '우리가 나오면 이슈가 붙어서', '전부 다 비행기 태우지,', '우주비행 느껴 위기 의식', '안 해 이미지, 관리 이미지,', '부숴 버려 무댈 이건 완전', '그냥 해, 내 친구들 불러 성수기에도', '그냥 음악 하지, 나는 안 변해, 넣어봐 이 정수기에도', '소리쳐 정숙이어도', '소리쳐 변성기여도', '오늘 살고 오늘 죽어', '피로 골절 걸렸어도 놀래']",[]
Giriboy,100-100-years-college-course,레인드랍 (Rain Drop),1,"['Rain drop, drop top', 'Rain drop, drop top', 'Rain drop, drop top', 'Rain drop, drop top', 'Rain drop, drop top']","['카페, 앉아', '수많은 생각, 수많은 생각', '시계는 째깍, 젖어버린 팻말', '흘러내린 색깔, 검정 색감', '난 검은 생각 잠겨 있다가', '날밤을 새웠다, 이별의 죗값']",[]
Giriboy,100-100-years-college-course,레인드랍 (Rain Drop),2,"['Rain drop, drop top']","['보석, 금괴', '꿰매고 분해, 꿰매고 분해', '내 기분 분해, 공중분해', '분하다 분해, 나만 분해', '이별의 죗값 달게 받아', '달아, 아아', '한잔 마시자', '취하자, 취하자']",[]
Giriboy,100-100-years-college-course,레인드랍 (Rain Drop),3,[],"['죄인처럼 누워있지', '비가 내려 부어 실비', '아까보단 더욱 진지', '얼굴 많이 부어있지', '통장에는 구억 있지', '이층짜리 침대 있지', '그런데도 울고 있지', '그럼에도 울고 있지만', '난 참아야 한다', '널 보내고 집을 간다', '죽음이 무서워 살아', '나 이제 어떻게 살아']",[]
Giriboy,100-100-years-college-course,심한말 (Bitter Words),1,[],"['됐어, 나 그냥 가야겠어', '밀린 일도 많고 조금 자야겠어', '가구 같은 것도 보고 조금 자야겠어', '조금 자고 일어난 다음 또 자야겠어', '일단 가야겠어, 너가 무슨 말을 하든', '울고불고 빌고 무슨 말을 하든', '난 지금 보고 싶은 것만 보는 상황', '너 지금 내가 왜 그런지 이해 안 되잖아']",[]
Giriboy,100-100-years-college-course,심한말 (Bitter Words),2,"['TV', 'TV,']","['그래, 이제 알면 됐어', '그럼 짐 챙겨서 나가, 나는 자야겠어', '자고 일어나서 나는 봐야겠어', '내 돈으로 샀던 소파에 앉아서', '그래, 니 돈으로 샀지', '가져가, 필요 없어, 다 가져가', '나는 입고 있던 티를 벗어 던져', '너의 얼굴에 맞고 우리는 정적']",[]
Giriboy,100-100-years-college-course,우린 왜 힘들까 (Why Are We So Tired),1,[],"['우린 왜 이렇게 힘이 들까', '우린 왜 이렇게 잠이 올까', '우린 왜 이렇게 잠이 오지', '그냥 그럼 자버리면 어떨까, 그럼 큰일 나지', '엄마한테 혼나고 상사한테 혼나도', '동네 백수 친구들이 있어 난 행복하죠', '근데 그 행복도 잠시 술이 장기에', '담겨있을 때 얘기지, 내일 되면 창피해져', '어릴 때 동네 친구들과 형들한테', '삥을 뜯기던 꿈을 꿨어 억울한데', '국민연금에 생활비와 또 카드 값', '밥 값에 비하면 너무 양반이지 어때', '맛집도 못 가', '인생은 짧은데', '오늘도 편의점 도시락을 꾸역꾸역', '창가 자리 내 구역, 넘보면 넌 죽어']",[]
Giriboy,100-100-years-college-course,예술 (The Arts),1,"['like ayy', 'like', 'yeah', 'party', 'play']","['너의 머릿속에 들어가서 헤집어 놓지', '우리라는 동화 속에 빨개진 두 볼이', '우리 이야기들을 말해주고 있어', '한 번 들어보자, 너가 준비해온 음악들을', '한 번씩 들어보자', '음과 음 사이 음 춤,', '춤과 춤 사이 숨 습, 하', '너의 호흡, 나의 호흡, 예술의 경지', '누가 지든 이기든 이기는 경기', '나의 덩치 너가 견디기 좋게', '러닝머신 위 나의 피땀을 쏟네', '조금 일해, 많이 벌어, 우리 돈,', '멀리 가서 살자, 우주가 우리의 동네', '우주비행, 우린 매일 하면서', '나를 하고 너를 녹음 하겠어', '우린 예술 같아, 철학 같은 소린 집어치워', '자, 그럼 머리를 비우고']",[]
Giriboy,100-100-years-college-course,예술 (The Arts),2,"['Crush, GRAY', 'DinDin, DEAN', 'yo', 'yo', ""I'ma i'ma i'ma i'ma be, yo"", ""I'ma be, yo"", 'yo', 'yuh', 'butter, yo', 'ZICO, yo']","['난 너의 난 너의', '난 너의 난 너의', '넌 앞만 보고 가 내가 있어 너의 뒤', '우린 현실이란 세계 있어, 그게 옥에 티', '그거 빼고 뭐든 하자', '뭐든 보고 뭐든 만져, 이게 공상', '우린 보고 있지 세상 망해가는 현상', '너 밖에 없다는 게 증거1', '증거2, 사탕은 달고 약은 너무 쓴 거지', '이게 사랑이란 거', '짜증 나도 우릴 묶는 것이 사랑이란 거', '너도 할 수 있고 나조차도 하는 것이 사랑이란 거', '사랑이란 것이 사랑이란 거', '약속장소에', '일찍 도착해 있을게', '나도 금방 왔다 뻥칠게', '심한 말을 해, 일부러,', '아무렇게나 그냥 지껄여,', '난 너의 피앙새 되고 싶어', '되고 싶어 뭐든지,', '그냥 너가 하라는 대로 맞춤제작', '맞춤정장 맞춰 갖춰,', '빵이 되면 나는', '버터 속에 땅콩 갈아 넣어', '나는 너, 너는 나,']",[]
Giriboy,100-100-years-college-course,결말 (The End),1,[],"['어디로 왔다가', '어디론가 사라져', '너는 영화, 너는 공상', '만화 영화, 같아서']",[]
Giriboy,100-100-years-college-course,결말 (The End),2,"['Yeah,']","['내 맘속에 스위치를 눌러', '내 맘속에 여러 가지 채널', '재미있는 얘기가 날 울려', '내 맘속에 다른 나를 대면', '내 맘속에 스위치를 눌러', '내 맘속에 여러가지 구도', '다시 돌려 봐도']",[]
Giriboy,100-100-years-college-course,결말 (The End),3,[],"['거짓말 넌 거짓말', '진실같은 거짓말', '알고 있어도 속고 마는', '거짓말, 넌 거짓말']",[]
Giriboy,100-100-years-college-course,교통정리 (Traffic Control),1,[],"['심하게 싸웠지 눈에 불을 키고서', '자동차 빵빵거리면서 너 빨리 가라고', '난 늦고 싶은데 넌 멀리 가 있어', '저 멀리 가 있어 먼 산에 가 있어', '바다로 갈라고 나 했었지', '광어나 먹을라고 나 했었지', '너무 엇갈려도 너무 엇갈렸어', '우리의 교통, 우리의 소통', '우리의 고통, 내비는 먹통']",[]
Giriboy,Gab-boon-gi,파티피플 (Party People),1,"['yeah', 'yeah', 'kawaii', 'What, yo, what, yo,', 'mic, yeah', 'okay', 'okay']","['화려한 조명 아래 헵번,', '로마의 휴일 같아, 예뻐,', '남자친구 있겠지, 무조건 있겠지', '있겠지, 있겠지', '설마 있겠지, 당연히 있겠지', '설마 했던 일이 벌어질 수도', '있는 밤이야, 너무 설레는 불독', '같아, 루저들과 마찰을 끝낸 후에', '쟤네들과 담쌓아, 번호 줘봐 당장', '도메스틱 입은 여인들은 해', '래퍼 간지 다 버려, 나는 쌈마이네', '나는 썅 마이웨이', '회사 허락 안 받고 잡아', '오늘 살고 오늘 죽어, 나는 술을 들이켜', '그냥 놀다 죽어, 술을 술을 들이부어', '어제 너무 작업 많이 했어,', '돈을 벌었으니 쓰고 나서 죽어,']",[]
Giriboy,Gab-boon-gi,꺼져 (Fuck Off),1,"['miracle', 'Collector']","['꿈이었어', '너와 마주했던', '헛수고였어', '너와 함께했던 시간들', '옷방에 많은 옷들이 대체 무슨 상관이야', '멋있게 입어도 난 나갈 데가 없다', '지겹고 난 남 주기는 싫어', '그래서 내가 이 꼴이야']",['Collector는']
Giriboy,Gab-boon-gi,꺼져 (Fuck Off),2,"['hard rock, no']","['사랑은 안 해, 나의 맘이 메말러서', '물을 뿌려야 해, 나의 심장은 건성', '너를 잊고 싶지만 난 초능력이 없어', '나는 없어, 난 차도, 난 차도남', '분위기 갑분싸, 분위기 바꿔봐', '틀어봐 오늘 빠꾸야', '시간 참 빠르다, 너와 헤어진 지 몇 개월째', '너무 아쉬워서 그래, 오늘 날씨 최곤데']",[]
Giriboy,Gab-boon-gi,밤에들어갈게 (Let’s Meet After Work),1,"['One more time, one more time, one more time']","['너를 보고 싶지', '허구한 날 빈둥거리면서', '하루 종일 집에서 놀고 싶지', '돈도 벌고 싶지', '주말 되면 너와 동물원에 가서', '너무 예쁜 길을 걷고 싶지', '너와 손잡고 한강을 걸어', '너와 손잡고 근심을 털어', '그건 가깝지만 너무 멀어', '넘 멀어 보여, 일은 계속 꼬여', '우리 시간은 너무 느리게 흘러', '난 빠르고 세상은 게을러', '다 끝내고 도망가고 싶어 너에게로', '힘든 후에 다시 너를 배우러']",[]
Giriboy,Gab-boon-gi,​party is over,1,"['weekend', 'wick hand']","['파티가 끝나가는', '경기가 끝나가고 있을 때', '힘이 다 빠진다고', '어쩌면 너도 나도 비슷해', '서로의 잘못을 따지지만', '나는 널 사랑한다 해', '너는 걍 알았다고 해', '왜 자꾸 도망가려 해', '왜 자꾸 도망가려 해']",[]
Giriboy,Gab-boon-gi,​party is over,2,"['Party is over,']","['문을 닫어버려', '우린 서로 다른 길을 가 바퀴처럼', '나를 악취처럼, 나를 악취처럼', '나를 피하고 있지, 나를 또 악귀처럼', '나는 잡지, 너는 닫지', '못을 박지, 너는 망치', '장난은 이제 그만, 나는 갈게', '너의 생각보다 나는 약해', '가슴이 아픈 나에게', '그냥 좀 참으라고 해', '너가 날 떠나려 할 때', '나 멀리는 안 나갈게']",[]
Giriboy,Iii-fatal-album-iii,별이지고있다 (A Star Is Falling),1,[],"['어두운 이 밤의 끝에서', '별이 지고 있다', '떨어지는 나를 그냥 놓아주겠니', '그냥 웃으면서 보내주라']",[]
Giriboy,Iii-fatal-album-iii,별이지고있다 (A Star Is Falling),2,[],"['그냥 웃으면서 보내주라', '너를 미워할 수 없게', '너의 그림자가 되어', '불빛의 반대편에서', '그냥 바라보고만 있을게']",[]
Giriboy,Iii-fatal-album-iii,별이지고있다 (A Star Is Falling),3,[],"['웃는 얼굴로만 남아주라', '너를 기억할 수 있게', '나의 추억들이 되어', '소주잔의 밑바닥에서', '그냥 바라보고만 있을게']",[]
Giriboy,Iii-fatal-album-iii,제설 (Snow Sweeping),1,[],"['눈을 깜빡한 그사이', '슬픈 겨울이 내 마음까지 왔지', '두꺼운 코트를 깔별로 장만', '월화수목금토일 다시 아침']",[]
Giriboy,Iii-fatal-album-iii,제설 (Snow Sweeping),2,[],"['불을 끄는 걸 깜빡한 사이', '우린 이미 다 헤어진 사이', '두꺼운 양말을 깔별로 장만', '월화수목금토일 다시 아침']",[]
Giriboy,Iii-fatal-album-iii,제설 (Snow Sweeping),3,[],"['시간은 빠르게 지나갔지', '어느새 눈이 내 발에 닿지', '언젠간 만나겠지', '기다릴게 눈이 녹을 때까지']",[]
Giriboy,Iii-fatal-album-iii,제설 (Snow Sweeping),4,[],"['추운 겨울을 녹여줘요', '따뜻하다고 속여줘요', '잘못 밟은 빙판 위에 금이 가버려', '내 바닥 보일 때까지']",[]
Giriboy,Iii-fatal-album-iii,제설 (Snow Sweeping),5,[],"['언젠간 계절이 바뀌겠지', '원래 이랬던 것처럼', '날 안아 줬던 그 시간을 넘어서', '월화수목금토일 다시 아침']",[]
Giriboy,Iii-fatal-album-iii,제설 (Snow Sweeping),6,[],"['제설을 해야겠지', '깨끗해져야겠지', '널 비워내 염산을 눈 위에 뿌려', '내 바닥 보일 때까지']",[]
Giriboy,Iii-fatal-album-iii,와츠롱 (What’s Wrong),1,"['flex', 'boom bap', 'made in Paris']","['무슨 바람이 불어', '여기까지 날아오셨나요', '무슨 악귀가 붙어', '그렇게 무서워졌나요', '무슨 사랑이 그래, 넌 왜 그래', '너의 화에 데어버렸잖아, 으엑', '너의 불에 타버린 내', '심장 두근두근 쿵치탁치', '나의 무릎 땅에 붙어 있어 져려 다리', '손을 계속 비벼 빌고 있어 마치 파리', '나의 명품 사과 받아줘라,', '어서 화를 잘라 줘, 나 눌렸잖아 가위', '너의 화는 바위, 나는 계란 같지', '기어 올라 봤자 너한테 난 닭대가리', '분별 못 해 사리, 나 머리 나빠 사실', '말실수를 해서 너의 화에 추가하지 냉면 사리']",[]
Giriboy,Iii-fatal-album-iii,이때다 (The Time Is Now),1,['TV'],"['이때다 싶어 몰려온 나의 맘', '속에 피로를 깨우는', '너의 그림자 어두워, 무서워', '웃는 것들만 보여줘', '재미없잖아', '이럴 거면 더 잘해줄 걸 그랬어', '잘못했어']",['TV엔']
Giriboy,Iii-fatal-album-iii,이때다 (The Time Is Now),2,['yeah'],"['이때다 싶어 내게 다가왔던', '악마들은 내게 저주를 계속 퍼부어', '어쩐지 그동안 너무 행복하다 했어', '어쩐지 그동안 너무 행복했어,', '행복은 저주, 행복은 저주', '행복은 폭풍 전야이자 또 저주', '행복은 저주, 행복은 저주', '행복은 폭풍 전야이자 또 저주']",[]
Giriboy,Iii-fatal-album-iii,집으로 (Going Home),1,[],"['미심쩍은 나의 손, 뒷머릴 만지며', '허수아비처럼 뭔가 어색한 듯이 니 앞에 서 있어', '너는 놀래지 말라며', '그때 셋이 만난 날 번홀 주고받았다며', '이제야 내게 말해 버려 후련하다면서', '너희 둘은 서로 손을 꼭 붙잡고 있어', '잘 어울리냐고? 어, 되게 잘 어울려', '오늘은 내가 살게, 진짜 축하해', '살다 보니 이런 일도 저런 일도 있지만 이건 몰랐어', '너네 진짜 너무해, 나 깜박 속았어', '나도 속이고 있지, 너희 둘 앞에서', '아무렇지 않은 척해 너희 앞에서', '어제까진 너무 설레이는 사이에서', '이제 그냥 친한 친구로, 나 홀로 그냥 집으로']",[]
Giriboy,Iii-fatal-album-iii,집으로 (Going Home),2,['yeah'],"['우린 같은 곳에 항상 모여', '바쁠 때는 간단히', '술 한잔하고 헤어지고 다시 또', '심심하다 싶음 다시 또 모여 만나지', '우울할 때 위로해 신날 때는 함께', '내 일인 듯 기뻐하고 매일 내일 없이 밤새', '다음날 회사 지각했다 하면 널 놀리고', '화가 나도 금세 풀려 우린 다시 모이죠,', '그래, 우린 여전해', '그냥 술을 마시다가 헤어지지, 뻔해', '그래, 우린 안 변해', '나만 가만있음 우리 사이는 안 변해', '나 사실 안 편해', '혹시 내 맘 들킬까 봐 계속 다릴 떠네', '나 바보처럼 축하하는 척을 해', '축하해 기분이다 내가 쏠게']",[]
Giriboy,Iii-fatal-album-iii,집으로 (Going Home),3,['yeah'],"['축복하고 싶어 나도', '근데 나 너무 아퍼', '셋이 묶인 악연', '이건 나만 알어', '우린 또 맨날 가던 곳에 앉아', '매일 하던 얘길 하고 맨날 하던 얘길 하지,', '우린 새로운 걸 찾고 있었지만', '이건 아냐, 시간을 돌려줬음 해', '그럴 수 있다면 너흴 모르는 곳까지 나는 돌아갈래', '그럴 수 있다면 너흴 모르는 곳까지 나는 도망갈래']",[]
Giriboy,Iii-fatal-album-iii,증오 (Hate You),1,"['yeah, yeah', 'uh-huh', 'eh, woah', 'uh-huh']","['기분 나쁠 때는 그냥 웃어봐', '당분간은 조금 괜찮을 거야', '슬픈 일이 있어야지 내일이', '좋은 일이 생겨 넌 웃을 거야', '비가 내리기 전엔 다리가 저려 오네', '그냥 집에 처박혀 있을 걸 그랬어', '양말이 다 젖었네, 바지가 다 젖었네', '그냥 집에 처박혀 있을 걸 그랬어']",[]
Giriboy,Iii-fatal-album-iii,증오 (Hate You),2,"['yeah, what, what', 'uh, woah']","['비는 너무 질척여서 싫지만', '질척이는 너가 이제 밉진 않아', '단지 이제 나는 너를 믿지 않아', '너무 수고했어 정말 긴 시간']",[]
Giriboy,Iii-fatal-album-iii,증오 (Hate You),3,"['Joker', 'coke']","['내가 짓는 미소는 증오로만 가득한', '너의 심장 박동은 김빠진', '나를 마주치면 그냥 지나쳐라 젭라', '내가 잘되니 너무 아프지 너의 배가', '나는 바뀌었고 너는 그대로', '값은 후하게 쳐줄게 두 배로', '배로 아픈 상천 배로 갚아 이건 나의 테러', '묻고 더블로 가, 나의 낮은 패로']",[]
Giriboy,Iii-fatal-album-iii,써니데이 (Sunny Day),1,"['Sunny day, yeah', 'problem', 'Sunny day, yeah']","['버려 수많은', '그녀의 그림자를 밟어', '난 그녀의 동정심을 유발해', '걔가 화장실을 간 순간에', '개가 된 것처럼 따라가네', '걔는 내게 침 좀 닦으라네']",[]
Giriboy,Iii-fatal-album-iii,거지 (Beggar),1,"['Dr. Dre', 'hip-hop 2X Large']","['돈 벌 때지 돈 벌 때', '돈 볼 때는 돈 벌 때', '천만 원을 술에 담가 마셔버려 몸보신', '돈 벌떼에 쏘여 혹이', '혹시 몹시 아픔 전해줘 소식', '형이 소싯적에 들었어', '이르면 이르면 일름보', '잃으면 잃으면 이러면 일억도 못 가져', '알기는 싫은데 봐야겠지', '남자로 태어나 하얗게 칠해진 대리석 바닥을 밟어', '오늘도 사투 끝나면 하품', '나의 안식 , 음악 하지 아직', '흘러내려 바지, 바지,', '뻔뻔하지, 나의 상식 밖의 행동', '예상해도 벗어나지 궤도']",[]
Giriboy,Iii-fatal-album-iii,이혼서류 (Divorce Papers),1,[],"['그 표정은 접어두는 것이 어때', '나 오늘 싸우려고 온 게 아냐', '처음처럼 날 대하는 게 어때', '처음이자 마지막으로', '이제 진짜 마지막이잖아', '펜은 준비돼있어', '나 먼저 다 써놨어', '너만 사인하면 돼', '그리고 걍 가면 돼', '여기 맛있는 거 많은데', '커피만 두 잔 시키네', '너만 다 마시면 돼', '너만 다 마시면']",[]
Giriboy,Iii-fatal-album-iii,이혼서류 (Divorce Papers),2,"['TV drama', 'TV']","['뜨거워, 나의 맘은 아직', '너무 차가운 너의 말투 하나하나 땜에', '내 심장 앞 창문에 김이 서렸나 봐', '손가락으로 하트를 그려 놔 봤자', '너의 입김으로 지워버려', '와이프가 아니고 넌 와이퍼였나 봐', '어쩌다가 이리됐나 싶어', '과정은 복잡한데 결과는 쉬워 버렸잖아', '너무 쉬워 버렸잖아, 너가 돌아설 땐', '너무 쉬워 버렸잖아, 너의 쉬운 선택', '보기라도 줬으면 내게 선택권이 있는데', '우린 너무 힘들다고, 난 힘낼 수도 있는데', '약하게 굴지 말고 수정하자', '너무 멀리 앉지 말고 여기 붙어 앉아', '이건 아냐', '장난치지 말고 집 가서 밥 먹고', '보고 예전처럼']",['drama가']
Giriboy,Iii-fatal-album-iii,을 (Eul),1,['Deadpool'],"['아마 어깨가 좁아서였을 거야', '아마 성격이 물러서였을 거야', '허구한 날 장난감이나 만지면서 있으니까', '어린애로 보는 거야 날', '내 책꽂이 속엔 절권도 책', '인마 나도 어릴 때 검도 좀 했지', '도복 입고 머리에 호구까지 쓰고', '호구가 돼버렸네, 윽, 윽', '그냥 너의 말을 잘 듣고 있어 난', '근데 칭찬 한 번 안 해주네 뻔한', '그 한 마디가 너무 어렵나 봐', '말을 잘 듣는 건 너무 당연한 거라고, 선빵', '너의 그런 펀치들이 내 심장을 격파', '뽀뽀를 안 해도 뛰는 나의 허파', '시뻘게진 얼굴 나는', '핸드폰을 집어 던져', '나 지금 이 정도로 화가 났어']",[]
Giriboy,Iii-fatal-album-iii,호랑이소굴 (Tiger Den),1,"[""Uh, take it to the next lev'"", 'Uh,', 'gang, gang', 'Playing game', 'basic']","['개처럼 냄샐 맡어', '나의 뒤엔', '튀지 않는 나의 취향은', '몇 번의 위기 위를 넘어 다녀', '너무 빠른 세상에서 걸어 다녀', '계속 벌어 나는 계속 벌어', '몇 번 넘어져도 나의 커리어는 떳떳', '또 멀어져 가네 나의 고향 서울', '멍청해지지 돈을 벌면', '친구들은 하나둘씩 떠나가', '문제였을까 싶어 나의 변화가', '나는 멋진 놈이고 싶어, 이긴 만큼 깊어져', '나는 쿨하게 지고 싶어, 멋있게 지고 싶어', '좋은 날은 오니까', '오늘 하룰 버텨 나쁜 일이라도', '나는 가볼래, 내가 알던 곳부터 낯선 곳도', '내가 바보래도 나는 가볼래, 들어가 볼게']",[]
